,gene,gencodeId,tissue,age,gender,TPMs
0,PAPPA,ENSG00000182752.9,Brain_Substantia_nigra,20-29,male,"[0.1745, 0.4531, 0.7248]"
1,PAPPA,ENSG00000182752.9,Brain_Substantia_nigra,20-29,female,"[1.722, 1.191]"
2,PAPPA,ENSG00000182752.9,Brain_Substantia_nigra,30-39,male,"[0.3085, 0.4134]"
3,PAPPA,ENSG00000182752.9,Brain_Substantia_nigra,30-39,female,"[0.07057, 1.545]"
4,PAPPA,ENSG00000182752.9,Brain_Substantia_nigra,40-49,male,"[0.06129, 0.2952, 0.4171, 0.4373, 0.02997, 0.04047, 1.174, 0.1863, 0.2088]"
5,PAPPA,ENSG00000182752.9,Brain_Substantia_nigra,40-49,female,"[1.174, 0.1109, 1.09, 0.0402, 0.1262, 0.7968]"
6,PAPPA,ENSG00000182752.9,Brain_Substantia_nigra,50-59,male,"[0.1171, 0.1453, 0.06558, 0.1477, 0.9384, 1.658, 2.162, 0.4988, 0.1043, 0.1248, 0.2272, 0.3168, 0.00528, 1.673, 0.03435, 0.364, 0.03278, 0.03802, 0.01057, 0.1576, 0.7488, 1.148, 1.025, 1.572, 0.7982]"
7,PAPPA,ENSG00000182752.9,Brain_Substantia_nigra,50-59,female,"[1.512, 0.2585, 1.271, 0.3459, 0.9443, 0.06816, 0.1549, 0.03802, 2.063, 0.2818, 0.1523]"
8,PAPPA,ENSG00000182752.9,Brain_Substantia_nigra,60-69,male,"[0.1708, 0.6587, 0.1143, 0.2712, 0.09832, 0.1543, 1.185, 0.00934, 0.09328, 1.192, 0.4964, 0.493, 0.3605, 0.02386, 0.4417, 0.1508, 0.8526, 0.3379, 0.3541, 0.721, 0.1365, 1.709, 0.387, 0.7459, 0.1079, 2.409, 0.3171, 0.08983, 0.3723, 0.6109, 1.331, 0.06834, 0.9363, 0.187, 0.05826, 0.8508, 0.0492, 0.01706, 0.1646, 1.174, 0.05256, 0.03835, 0.08689, 0.3011, 0.08875, 0.2005, 0.03924, 0.4903, 0.05647, 0.02698, 0.1599, 0.03802, 1.389, 0.1009, 0.03412, 0.8487, 0.09336, 0.05629, 0.03578, 0.01046]"
9,PAPPA,ENSG00000182752.9,Brain_Substantia_nigra,60-69,female,"[0.05255, 1.174, 0.1317, 0.1696, 0.7593, 0.3996, 0.1371, 0.7963, 0.6512, 1.272, 0.03802, 0.1591, 0.00365, 0.1384, 0.4758, 0.07734, 0.06004, 0.3118]"
10,PAPPA,ENSG00000182752.9,Brain_Substantia_nigra,70-79,male,"[0.3282, 0.05756, 0.06462, 0.1354]"
11,PAPPA,ENSG00000182752.9,Brain_Substantia_nigra,70-79,female,[0.941]
