,gene,gencodeId,tissue,age,gender,TPMs
0,CETP,ENSG00000087237.10,Brain_Putamen_basal_ganglia,20-29,male,"[0.08384, 0.8293, 0.4223, 0.3181]"
1,CETP,ENSG00000087237.10,Brain_Putamen_basal_ganglia,20-29,female,[1.369]
2,CETP,ENSG00000087237.10,Brain_Putamen_basal_ganglia,30-39,male,"[0.3327, 0.458, 0.1121]"
3,CETP,ENSG00000087237.10,Brain_Putamen_basal_ganglia,30-39,female,"[3.389, 0.9736]"
4,CETP,ENSG00000087237.10,Brain_Putamen_basal_ganglia,40-49,male,"[1.035, 0.7732, 0.827, 0.4265, 0.5742, 0.3099, 0.7714, 1.026, 0.6523, 1.101, 0.5011, 0.6278, 0.1748, 1.455]"
5,CETP,ENSG00000087237.10,Brain_Putamen_basal_ganglia,40-49,female,"[0.4785, 0.2243, 2.349, 0.6726, 1.107]"
6,CETP,ENSG00000087237.10,Brain_Putamen_basal_ganglia,50-59,male,"[0.603, 0.1739, 1.533, 1.307, 0.6241, 0.331, 0.1327, 0.8698, 0.2322, 0.3663, 2.412, 0.3976, 0.4526, 0.9391, 0.9268, 2.082, 1.518, 0.3163, 0.6217, 1.642, 0.3607, 1.159, 0.5217, 1.634, 0.2436, 1.473, 0.4603, 0.9717, 0.609, 0.3, 0.7565, 0.8394, 0.3416, 1.237, 1.754, 1.221, 0.126, 0.3414, 0.5407, 1.143, 0.4438, 0.271, 0.2893, 1.33, 0.4269, 0.5484, 0.7045, 0.6154, 0.3163, 0.8313, 0.7239, 1.4, 0.1151, 0.4438, 0.1181]"
7,CETP,ENSG00000087237.10,Brain_Putamen_basal_ganglia,50-59,female,"[0.99, 0.2792, 0.4464, 1.882, 1.831, 0.9011, 2.937, 0.244, 0.8196, 0.4915, 0.04496, 0.4674, 0.09657, 0.3789]"
8,CETP,ENSG00000087237.10,Brain_Putamen_basal_ganglia,60-69,male,"[0.714, 0.2112, 0.4121, 0.5444, 0.4801, 0.3821, 0.06308, 0.1913, 0.779, 0.5627, 0.3749, 0.5666, 0.6633, 0.1706, 0.06685, 0.205, 0.3049, 0.1341, 1.104, 0.2164, 0.3027, 0.5438, 0.3163, 0.3777, 0.1642, 0.5846, 0.589, 0.3988, 0.127, 1.302, 0.3373, 0.9752, 0.2397, 2.26, 1.422, 4.683, 0.3727, 0.6942, 1.43, 1.604, 0.2344, 0.32, 0.5425, 0.4868, 1.299, 1.157, 0.4101, 0.1387, 0.2693, 1.036, 0.2346, 0.1686, 0.377, 0.4548, 0.4438, 0.2625, 0.2518, 0.6477, 0.2481, 0.8022, 0.8287, 2.104, 0.1897, 0.1814, 0.3829, 0.3308, 1.401, 0.5252, 0.1963, 0.3163, 0.2803, 0.4438, 0.3903, 0.3334, 0.3424, 0.08592, 0.2266]"
9,CETP,ENSG00000087237.10,Brain_Putamen_basal_ganglia,60-69,female,"[0.767, 0.4766, 1.606, 1.805, 0.5065, 0.3133, 0.3978, 0.5896, 1.665, 0.1723, 1.448, 0.2082, 0.2592, 1.443, 0.3165, 0.3288, 0.1747, 0.01962, 0.6199, 0.2152, 2.699, 0.8627, 0.1199, 0.6777, 0.4594]"
10,CETP,ENSG00000087237.10,Brain_Putamen_basal_ganglia,70-79,male,"[0.1398, 0.5061, 0.2064, 0.3227, 0.6176, 0.4051, 0.9543]"
11,CETP,ENSG00000087237.10,Brain_Putamen_basal_ganglia,70-79,female,"[0.7298, 1.227]"
