,gene,gencodeId,tissue,age,gender,TPMs
0,CETP,ENSG00000087237.10,Brain_Anterior_cingulate_cortex_BA24,20-29,male,[0.1979]
1,CETP,ENSG00000087237.10,Brain_Anterior_cingulate_cortex_BA24,20-29,female,"[0.7061, 0.338, 1.447]"
2,CETP,ENSG00000087237.10,Brain_Anterior_cingulate_cortex_BA24,30-39,male,"[0.03669, 1.095, 0.08677]"
3,CETP,ENSG00000087237.10,Brain_Anterior_cingulate_cortex_BA24,30-39,female,[0.8001]
4,CETP,ENSG00000087237.10,Brain_Anterior_cingulate_cortex_BA24,40-49,male,"[0.3751, 0.3537, 0.9019, 0.06895, 0.07263, 0.3624, 0.7065, 0.1725, 0.126, 0.7818, 0.3569, 0.6261, 0.6649, 0.8691, 0.3164, 0.1282, 0.5148]"
5,CETP,ENSG00000087237.10,Brain_Anterior_cingulate_cortex_BA24,40-49,female,"[0.1192, 0.1218, 0.03378, 0.3174, 0.3753, 0.4359, 2.001, 2.001]"
6,CETP,ENSG00000087237.10,Brain_Anterior_cingulate_cortex_BA24,50-59,male,"[0.1241, 0.0, 0.0, 0.2804, 0.1521, 0.3282, 0.0, 0.0, 0.06329, 0.2527, 0.4064, 0.3345, 0.4688, 0.7545, 0.6341, 0.3994, 0.9167, 0.3658, 0.1344, 0.9004, 0.8565, 0.02796, 0.6467, 0.05693, 0.6375, 0.1447, 0.1899, 0.7808, 0.05097, 0.1749, 0.1772, 0.5389, 1.387, 0.1199]"
7,CETP,ENSG00000087237.10,Brain_Anterior_cingulate_cortex_BA24,50-59,female,"[0.35, 0.3189, 0.1958, 1.193, 0.06636, 0.7269, 0.3126, 1.242, 0.2127]"
8,CETP,ENSG00000087237.10,Brain_Anterior_cingulate_cortex_BA24,60-69,male,"[0.3263, 0.3893, 0.4405, 0.3362, 0.4208, 0.07438, 0.6572, 0.02973, 0.06258, 0.104, 0.4715, 0.061, 0.2457, 0.1229, 0.08821, 0.2775, 0.1555, 0.09109, 0.09079, 0.06139, 0.1635, 0.1336, 0.2099, 0.875, 0.1095, 1.018, 0.8901, 0.3457, 0.3186, 0.06184, 0.2539, 0.2134, 0.2361, 0.1292, 0.5954, 0.3525, 0.1133, 0.4395, 0.06791, 0.4406, 0.2622, 0.8048, 0.102, 0.304, 0.3802, 0.08857, 0.09506, 0.5122, 0.1197, 0.1185, 0.1856, 0.6408, 0.08563, 0.09638, 0.03644, 0.3017, 1.796, 0.1166, 0.451, 0.4125, 0.8495, 0.4039, 0.2144, 0.1111]"
9,CETP,ENSG00000087237.10,Brain_Anterior_cingulate_cortex_BA24,60-69,female,"[0.1253, 0.1541, 0.59, 1.197, 0.1283, 0.4751, 0.7469, 0.2223, 0.375, 0.707, 0.2195, 0.397, 0.05738, 0.4629, 0.2264, 0.1855, 0.1553, 0.3754, 0.8046, 0.0313, 0.5646, 0.3674, 2.001, 4.382, 2.001, 0.5075, 0.4542]"
10,CETP,ENSG00000087237.10,Brain_Anterior_cingulate_cortex_BA24,70-79,male,"[0.1522, 0.1202, 0.1925, 0.1837, 0.3377, 0.1808, 0.1929, 0.07518, 0.3352, 0.1441, 0.6349]"
11,CETP,ENSG00000087237.10,Brain_Anterior_cingulate_cortex_BA24,70-79,female,"[0.08341, 0.4269]"
