,gene,gencodeId,tissue,age,gender,TPMs
0,CETP,ENSG00000087237.10,Brain_Amygdala,20-29,male,"[0.3763, 0.3264, 0.1269]"
1,CETP,ENSG00000087237.10,Brain_Amygdala,20-29,female,"[0.5742, 0.4805]"
2,CETP,ENSG00000087237.10,Brain_Amygdala,30-39,male,"[0.06041, 0.09317]"
3,CETP,ENSG00000087237.10,Brain_Amygdala,30-39,female,"[0.3153, 0.6589]"
4,CETP,ENSG00000087237.10,Brain_Amygdala,40-49,male,"[0.1765, 0.1634, 0.7614, 0.6496, 0.3817, 0.2934, 0.2917, 0.1551]"
5,CETP,ENSG00000087237.10,Brain_Amygdala,40-49,female,"[0.1246, 0.5341, 0.3856, 0.3374, 1.047]"
6,CETP,ENSG00000087237.10,Brain_Amygdala,50-59,male,"[0.381, 0.5335, 0.0662, 0.06758, 0.6199, 0.367, 0.1456, 0.2876, 0.3035, 0.2938, 0.2486, 0.4516, 0.4074, 0.2502, 1.287, 0.1575, 0.1571, 0.6871, 0.1268, 0.2077, 0.1138, 0.8056, 0.03619, 0.6625, 0.1032, 0.2678, 0.3128, 0.6127, 0.213, 0.0609, 0.3795, 0.6461, 0.4248, 1.34]"
7,CETP,ENSG00000087237.10,Brain_Amygdala,50-59,female,"[0.3448, 0.7091, 0.2338, 0.2759, 0.3108, 0.1988, 0.1521, 0.6904, 0.9163, 0.2476, 0.6805]"
8,CETP,ENSG00000087237.10,Brain_Amygdala,60-69,male,"[0.178, 0.05718, 0.1001, 0.4444, 0.3624, 0.1498, 0.03287, 0.07808, 0.2872, 0.09212, 0.1835, 0.3151, 0.1466, 0.1746, 0.1746, 0.2365, 0.1259, 0.5254, 0.07653, 0.02363, 0.5044, 0.01773, 0.4704, 0.9819, 0.5201, 0.08557, 0.1519, 0.2496, 0.7186, 0.5787, 0.2892, 0.08603, 0.3132, 0.2316, 0.02366, 0.3256, 0.1944, 0.5443, 0.09508, 1.286, 0.118, 0.3424, 0.2768, 0.1905, 0.1003, 0.435, 0.4873, 0.03535, 0.375, 0.2949, 0.07433, 0.1389, 0.1396]"
9,CETP,ENSG00000087237.10,Brain_Amygdala,60-69,female,"[0.2297, 0.6261, 0.7046, 0.1746, 0.1746, 1.248, 0.3811, 0.4322, 0.3906, 0.1534, 0.3265, 0.7671, 0.4577, 0.459, 0.5476, 1.013, 0.1376, 0.173, 0.4406, 0.5487, 1.071, 0.04033, 6.152, 0.6474]"
10,CETP,ENSG00000087237.10,Brain_Amygdala,70-79,male,"[0.1247, 0.5025, 0.06324, 0.5688, 0.3318, 0.1263, 0.3271, 0.2068]"
11,CETP,ENSG00000087237.10,Brain_Amygdala,70-79,female,"[0.2456, 1.194]"
