,gene,gencodeId,tissue,age,gender,TPMs
0,CDKN2A,ENSG00000147889.17,Brain_Hypothalamus,20-29,male,"[0.3532, 0.4792, 0.5506]"
1,CDKN2A,ENSG00000147889.17,Brain_Hypothalamus,20-29,female,[0.08996]
2,CDKN2A,ENSG00000147889.17,Brain_Hypothalamus,30-39,male,"[0.3071, 0.2772, 0.1002]"
3,CDKN2A,ENSG00000147889.17,Brain_Hypothalamus,30-39,female,"[0.09633, 0.1899]"
4,CDKN2A,ENSG00000147889.17,Brain_Hypothalamus,40-49,male,"[0.1209, 0.321, 0.0921, 0.16, 2.452, 0.05974, 0.4544, 0.2075, 0.2326, 0.1087, 0.2655]"
5,CDKN2A,ENSG00000147889.17,Brain_Hypothalamus,40-49,female,"[0.2104, 0.6996, 0.06966, 0.2233, 0.2432]"
6,CDKN2A,ENSG00000147889.17,Brain_Hypothalamus,50-59,male,"[0.3392, 0.3833, 0.5063, 0.04406, 0.04602, 0.05606, 0.2476, 0.02052, 0.145, 0.1231, 0.23, 0.1033, 0.1114, 0.2538, 0.191, 0.1553, 0.1071, 0.296, 0.128, 0.1142, 1.325, 0.3189, 0.179, 0.6883, 0.2675, 0.2065, 0.1918, 0.1029, 0.219, 0.1505, 0.3848, 0.06956, 0.267, 0.04666, 0.0504, 0.4883, 0.4265, 0.1641, 0.07452, 0.2065, 0.3314, 0.8244, 0.3186, 0.305, 0.3283, 0.09376]"
7,CDKN2A,ENSG00000147889.17,Brain_Hypothalamus,50-59,female,"[0.1896, 0.02618, 0.2491, 0.3371, 0.2489, 0.2213, 0.261, 0.1726, 0.2038, 0.2643, 0.4616, 0.2236, 0.2425, 0.1774, 0.2584]"
8,CDKN2A,ENSG00000147889.17,Brain_Hypothalamus,60-69,male,"[0.1238, 0.2096, 0.1404, 0.2421, 0.1162, 0.7965, 0.2352, 0.5694, 0.5505, 0.119, 0.1038, 0.1099, 0.4154, 0.3496, 0.2567, 0.1571, 0.1717, 0.1145, 0.05882, 0.1616, 0.2741, 0.1883, 0.08829, 0.2116, 0.2246, 0.2246, 0.4453, 0.5889, 0.3519, 0.1892, 0.4957, 0.2105, 0.3677, 0.4855, 0.1292, 0.3176, 0.2163, 0.2065, 0.1731, 0.2457, 0.3625, 0.6083, 0.1525, 0.1101, 0.6826, 0.2794, 0.1064, 0.08376, 0.1808, 0.3085, 0.3249, 0.3807, 0.1112, 0.4191, 0.3528, 0.1975, 0.3569, 0.1928, 0.1606, 0.09659, 0.5753, 0.162, 0.2797, 0.2024, 0.4691, 0.3113, 0.6248, 0.4064, 0.2065, 0.6709, 0.07179, 1.179, 0.8891, 0.1264, 0.3115, 0.07408, 0.1432, 0.137]"
9,CDKN2A,ENSG00000147889.17,Brain_Hypothalamus,60-69,female,"[0.2151, 0.2645, 0.5465, 0.06185, 0.1758, 0.1439, 0.1514, 0.2194, 0.5025, 1.174, 0.6343, 0.1333, 0.2903, 0.1576, 0.7046, 2.366, 0.2303, 0.2246, 0.2246, 0.3893, 0.356, 0.3482, 0.1306, 0.3153, 0.4413, 0.2556, 0.1973, 4.153, 0.4019, 0.03323]"
10,CDKN2A,ENSG00000147889.17,Brain_Hypothalamus,70-79,male,"[0.1216, 0.2703, 0.2275, 0.1867, 0.1703, 0.3151, 0.5374, 0.2068, 0.1865]"
11,CDKN2A,ENSG00000147889.17,Brain_Hypothalamus,70-79,female,"[3.127, 1.237, 0.1119]"
