,gene,gencodeId,tissue,age,gender,TPMs
0,PPARG,ENSG00000132170.19,Brain_Putamen_basal_ganglia,20-29,male,"[0.1776, 0.7905, 1.872, 1.701]"
1,PPARG,ENSG00000132170.19,Brain_Putamen_basal_ganglia,20-29,female,[0.5142]
2,PPARG,ENSG00000132170.19,Brain_Putamen_basal_ganglia,30-39,male,"[0.8599, 1.272, 0.5984]"
3,PPARG,ENSG00000132170.19,Brain_Putamen_basal_ganglia,30-39,female,"[0.2386, 2.112]"
4,PPARG,ENSG00000132170.19,Brain_Putamen_basal_ganglia,40-49,male,"[0.3647, 0.7793, 0.5985, 1.807, 1.423, 0.1539, 0.0926, 0.3405, 0.1017, 1.975, 0.4913, 0.9038, 1.472, 1.473]"
5,PPARG,ENSG00000132170.19,Brain_Putamen_basal_ganglia,40-49,female,"[0.8926, 0.5433, 0.9533, 0.8046, 0.3953]"
6,PPARG,ENSG00000132170.19,Brain_Putamen_basal_ganglia,50-59,male,"[0.9648, 1.476, 0.6456, 1.122, 1.19, 1.188, 0.5902, 0.9985, 0.1803, 0.9947, 0.7414, 0.6219, 0.8408, 0.1014, 0.6714, 1.297, 0.7817, 1.239, 0.7067, 0.4647, 0.5549, 0.9014, 0.2179, 1.376, 0.8549, 0.7852, 0.2394, 0.129, 0.6413, 0.3476, 0.09878, 0.1535, 0.1051, 0.5422, 0.7872, 0.1201, 0.2305, 0.2047, 0.1579, 1.229, 1.229, 0.861, 0.6837, 0.7367, 0.391, 0.1422, 0.4228, 0.4432, 1.166, 2.43, 0.6939, 0.5328, 0.378, 0.5669]"
7,PPARG,ENSG00000132170.19,Brain_Putamen_basal_ganglia,50-59,female,"[0.6953, 1.951, 0.6889, 0.4703, 1.326, 0.4622, 0.3859, 2.605, 0.8397, 1.229, 1.229, 0.2857, 2.265, 0.1074, 0.1656]"
8,PPARG,ENSG00000132170.19,Brain_Putamen_basal_ganglia,60-69,male,"[0.8074, 1.058, 1.173, 0.6747, 0.8158, 0.3481, 0.6614, 0.6752, 0.7811, 0.9896, 1.222, 0.09932, 0.8047, 0.0881, 0.2974, 0.9866, 0.8777, 0.3977, 5.531, 0.7701, 0.7843, 1.281, 1.396, 0.5779, 0.2209, 0.3933, 1.027, 2.98, 0.7329, 1.829, 0.5537, 1.205, 1.718, 0.2442, 0.8066, 1.295, 0.5131, 4.549, 1.005, 1.006, 0.06385, 0.6476, 1.142, 0.1856, 0.1137, 0.5928, 0.5647, 0.712, 0.1975, 2.758, 0.5877, 0.3548, 0.768, 1.221, 0.8492, 0.2207, 0.511, 2.408, 1.063, 1.021, 1.089, 1.007, 0.7841, 0.8273, 1.862, 0.1592, 0.6099, 0.2495, 1.96, 0.4996, 0.4575, 0.5251, 0.7091, 0.2867, 0.2879]"
9,PPARG,ENSG00000132170.19,Brain_Putamen_basal_ganglia,60-69,female,"[1.026, 1.55, 0.8473, 1.957, 0.7225, 0.6357, 0.7124, 0.9092, 1.806, 0.38, 0.5619, 0.3837, 0.3011, 0.3884, 1.27, 1.037, 0.1059, 0.1247, 1.192, 0.3939, 1.114, 3.29, 0.7617, 0.3138, 0.6612]"
10,PPARG,ENSG00000132170.19,Brain_Putamen_basal_ganglia,70-79,male,"[0.8482, 4.107, 0.1543, 0.4785, 0.5261, 0.9474, 1.59]"
11,PPARG,ENSG00000132170.19,Brain_Putamen_basal_ganglia,70-79,female,"[0.8245, 0.6128]"
