,gene,gencodeId,tissue,age,gender,TPMs
0,PPARG,ENSG00000132170.19,Brain_Hypothalamus,20-29,male,"[1.258, 4.096, 1.559]"
1,PPARG,ENSG00000132170.19,Brain_Hypothalamus,20-29,female,[2.421]
2,PPARG,ENSG00000132170.19,Brain_Hypothalamus,30-39,male,"[0.9619, 1.213, 0.9487]"
3,PPARG,ENSG00000132170.19,Brain_Hypothalamus,30-39,female,"[0.7025, 1.038]"
4,PPARG,ENSG00000132170.19,Brain_Hypothalamus,40-49,male,"[0.7766, 1.119, 0.2239, 0.6754, 3.459, 1.496, 2.987, 6.692, 1.314, 1.057, 1.382]"
5,PPARG,ENSG00000132170.19,Brain_Hypothalamus,40-49,female,"[1.049, 1.651, 0.8337, 1.212, 0.739]"
6,PPARG,ENSG00000132170.19,Brain_Hypothalamus,50-59,male,"[2.733, 2.43, 1.394, 0.5891, 0.3418, 0.6359, 2.596, 1.097, 0.9026, 2.299, 2.111, 0.664, 1.403, 1.056, 1.304, 0.4437, 1.06, 1.66, 0.9162, 1.238, 0.2613, 1.534, 1.07, 1.89, 0.8849, 0.5806, 0.09989, 0.2207, 0.9162, 0.2667, 0.6347, 0.6679, 1.488, 0.1843, 0.4978, 2.052, 1.989, 1.931, 0.3442, 1.694, 0.9585, 1.719, 0.5778, 1.427, 3.209, 1.347]"
7,PPARG,ENSG00000132170.19,Brain_Hypothalamus,50-59,female,"[1.57, 0.2387, 2.37, 0.6515, 1.45, 1.435, 0.7661, 1.278, 0.9907, 0.9347, 4.426, 0.2415, 0.6986, 1.132, 1.413]"
8,PPARG,ENSG00000132170.19,Brain_Hypothalamus,60-69,male,"[1.039, 1.196, 0.262, 1.699, 0.9345, 0.8498, 0.5664, 0.6921, 1.115, 0.63, 0.4187, 0.6568, 1.006, 1.185, 1.239, 2.027, 1.222, 0.549, 0.5114, 2.241, 1.073, 1.462, 0.118, 0.9162, 2.966, 2.518, 1.268, 1.253, 1.028, 0.6603, 0.7798, 0.3857, 1.088, 1.535, 0.3799, 0.364, 1.357, 0.9605, 0.573, 1.208, 0.7393, 1.474, 0.5797, 2.684, 0.9162, 1.209, 0.4259, 0.3781, 0.9046, 1.606, 1.174, 0.1958, 0.4476, 1.169, 0.9927, 0.2949, 2.392, 1.328, 1.096, 0.6231, 1.16, 1.093, 1.283, 2.365, 1.77, 0.6399, 1.433, 0.6252, 3.507, 0.05235, 1.133, 1.967, 0.5255, 0.8057, 0.6866, 0.4843, 0.3963]"
9,PPARG,ENSG00000132170.19,Brain_Hypothalamus,60-69,female,"[0.552, 0.7144, 0.8343, 0.3508, 0.521, 0.612, 3.285, 1.311, 1.447, 1.003, 0.2784, 1.219, 0.7679, 0.8621, 1.737, 0.7262, 0.7633, 0.8501, 0.4499, 1.659, 1.27, 0.4683, 1.398, 1.43, 1.864, 1.325, 10.38, 0.6132, 0.6193]"
10,PPARG,ENSG00000132170.19,Brain_Hypothalamus,70-79,male,"[1.385, 1.136, 0.9045, 3.296, 2.182, 0.5746, 1.018, 0.9795, 2.01]"
11,PPARG,ENSG00000132170.19,Brain_Hypothalamus,70-79,female,"[3.134, 1.199, 0.1905]"
