,gene,gencodeId,tissue,age,gender,TPMs
0,KL,ENSG00000133116.7,Brain_Frontal_Cortex_BA9,20-29,male,"[0.618, 0.7068, 0.6498, 0.2865]"
1,KL,ENSG00000133116.7,Brain_Frontal_Cortex_BA9,20-29,female,[0.6372]
2,KL,ENSG00000133116.7,Brain_Frontal_Cortex_BA9,30-39,male,"[0.6483, 0.7103]"
3,KL,ENSG00000133116.7,Brain_Frontal_Cortex_BA9,30-39,female,"[0.9516, 1.69]"
4,KL,ENSG00000133116.7,Brain_Frontal_Cortex_BA9,40-49,male,"[0.4013, 0.4423, 0.804, 0.1657, 0.6528, 1.026, 0.8251, 0.6604, 0.9711, 0.4747, 0.4436]"
5,KL,ENSG00000133116.7,Brain_Frontal_Cortex_BA9,40-49,female,"[0.7296, 0.381, 0.4436, 0.3737, 0.6863, 1.126, 0.7581]"
6,KL,ENSG00000133116.7,Brain_Frontal_Cortex_BA9,50-59,male,"[0.5871, 0.672, 0.236, 0.3664, 0.2757, 0.5275, 0.2606, 0.1777, 0.928, 0.2767, 0.5838, 0.3613, 0.5808, 0.6911, 0.3151, 0.2814, 0.3733, 0.3116, 0.5555, 1.094, 0.23, 0.4088, 0.5356, 0.3946, 0.9091, 0.2019, 0.649, 0.07287, 0.3324, 0.2637, 0.6204, 0.523, 0.1483, 0.1582, 0.4017, 0.429, 0.4904, 0.3666, 0.352, 0.8849, 0.8301, 0.6564, 0.785, 1.546, 0.5276, 0.8269, 0.808, 0.4436]"
7,KL,ENSG00000133116.7,Brain_Frontal_Cortex_BA9,50-59,female,"[0.5836, 0.1131, 0.4297, 0.2217, 0.4745, 0.6733, 0.7164, 0.7023, 0.8026, 0.6271, 0.8011, 0.439, 0.4436, 0.8023, 0.3836, 0.09875]"
8,KL,ENSG00000133116.7,Brain_Frontal_Cortex_BA9,60-69,male,"[0.6421, 0.5296, 0.4362, 1.187, 0.151, 0.3732, 0.4896, 0.5709, 0.694, 0.9384, 0.1803, 0.5258, 0.5443, 0.3729, 0.4124, 0.1847, 1.104, 0.3092, 0.3258, 0.4253, 0.4567, 0.9964, 0.1121, 0.1192, 0.1886, 0.4828, 0.2218, 0.3585, 1.033, 0.2775, 0.8198, 0.598, 0.3404, 0.5416, 0.3645, 0.6319, 0.3345, 0.1656, 0.7651, 0.2574, 0.493, 0.2379, 0.5874, 1.057, 0.3866, 0.7489, 0.3787, 0.6142, 0.3122, 0.2787, 0.5932, 0.31, 0.4793, 0.957, 0.4861, 0.5195, 0.5575, 0.6047, 0.3305, 0.4312, 0.4835, 0.3759, 0.7836, 0.4732, 0.3503, 0.4661, 0.7613, 0.4978, 0.7811, 0.7088, 0.6233, 0.2599, 0.4891, 0.5971, 0.5791, 0.2815, 0.6508, 0.5041, 0.3692]"
9,KL,ENSG00000133116.7,Brain_Frontal_Cortex_BA9,60-69,female,"[0.4239, 0.2097, 0.5706, 0.5706, 0.3099, 0.7398, 0.3206, 0.3933, 0.5706, 0.5706, 0.9033, 0.7087, 0.793, 0.8402, 0.4963, 0.5077, 0.5772, 0.4058, 0.3021, 0.5431, 0.3748, 0.3562, 0.4964, 0.6399, 0.3385, 1.446, 0.9984, 0.1337, 0.8477, 0.3863, 0.8859]"
10,KL,ENSG00000133116.7,Brain_Frontal_Cortex_BA9,70-79,male,"[0.4186, 0.2491, 0.5321, 0.3346, 0.8098, 0.294, 0.5144, 0.5317, 0.488, 0.1979]"
11,KL,ENSG00000133116.7,Brain_Frontal_Cortex_BA9,70-79,female,"[0.734, 0.258]"
