,gene,gencodeId,tissue,age,gender,TPMs
0,ESR1,ENSG00000091831.22,Brain_Amygdala,20-29,male,"[0.2167, 0.1433, 0.2827]"
1,ESR1,ENSG00000091831.22,Brain_Amygdala,20-29,female,"[0.1196, 0.06683]"
2,ESR1,ENSG00000091831.22,Brain_Amygdala,30-39,male,"[0.03465, 0.1446]"
3,ESR1,ENSG00000091831.22,Brain_Amygdala,30-39,female,"[0.07454, 0.4223]"
4,ESR1,ENSG00000091831.22,Brain_Amygdala,40-49,male,"[0.1643, 0.05623, 0.06743, 0.1595, 0.1585, 0.1047, 0.09332, 0.1394]"
5,ESR1,ENSG00000091831.22,Brain_Amygdala,40-49,female,"[0.1292, 0.1425, 0.06906, 0.3191, 0.1992]"
6,ESR1,ENSG00000091831.22,Brain_Amygdala,50-59,male,"[0.09654, 0.1322, 0.07343, 0.04135, 0.06897, 0.1354, 0.05567, 0.1015, 0.1205, 0.07649, 0.09263, 0.09936, 0.2893, 0.07748, 0.1015, 0.07336, 0.2585, 0.214, 0.2211, 0.09506, 0.1589, 0.094, 0.125, 0.119, 0.04623, 0.4229, 0.1366, 0.07807, 0.1842, 0.1749, 0.2516, 0.1666, 0.1033, 0.2035, 0.3196]"
7,ESR1,ENSG00000091831.22,Brain_Amygdala,50-59,female,"[0.07808, 0.1527, 0.3474, 0.1944, 0.1252, 0.1075, 0.0752, 0.09602, 0.05097, 0.1136, 0.1576]"
8,ESR1,ENSG00000091831.22,Brain_Amygdala,60-69,male,"[0.08167, 0.02187, 0.1187, 0.04199, 0.08438, 0.07499, 0.05028, 0.1015, 0.4809, 0.1597, 0.1801, 0.05836, 0.3332, 0.1896, 0.1015, 0.2261, 0.3274, 0.07234, 0.01951, 0.1699, 0.2151, 0.1058, 0.1957, 0.1537, 0.2445, 0.06546, 0.06079, 0.04514, 0.3798, 0.3541, 0.07311, 0.1128, 0.3417, 0.108, 0.03257, 0.4309, 0.4275, 0.1177, 0.07112, 0.1592, 0.06862, 0.03741, 0.03849, 0.1652, 0.04821, 0.1034, 0.1945, 0.7111, 0.02608, 0.1078, 0.1895, 0.1169, 0.03987]"
9,ESR1,ENSG00000091831.22,Brain_Amygdala,60-69,female,"[0.1113, 0.3831, 1.475, 0.1141, 0.08744, 0.1762, 0.2028, 0.1057, 0.1672, 0.2164, 0.2611, 0.02948, 0.04117, 0.06981, 0.0547, 0.5393, 0.08697, 0.1183, 0.2271, 0.09398, 0.09409, 1.9, 0.2063]"
10,ESR1,ENSG00000091831.22,Brain_Amygdala,70-79,male,"[0.1288, 0.3005, 0.06966, 0.3757, 0.05076, 0.05557, 0.2693, 0.2716]"
11,ESR1,ENSG00000091831.22,Brain_Amygdala,70-79,female,"[0.3299, 0.02754]"
