,gene,gencodeId,tissue,age,gender,TPMs
0,ESR1,ENSG00000091831.22,Brain_Anterior_cingulate_cortex_BA24,20-29,male,[0.08728]
1,ESR1,ENSG00000091831.22,Brain_Anterior_cingulate_cortex_BA24,20-29,female,"[0.1235, 0.08674, 0.1831]"
2,ESR1,ENSG00000091831.22,Brain_Anterior_cingulate_cortex_BA24,30-39,male,"[0.03742, 0.06803, 0.2044]"
3,ESR1,ENSG00000091831.22,Brain_Anterior_cingulate_cortex_BA24,30-39,female,[0.3363]
4,ESR1,ENSG00000091831.22,Brain_Anterior_cingulate_cortex_BA24,40-49,male,"[0.1166, 0.1122, 0.02813, 0.1266, 0.4325, 0.1727, 0.06057, 0.1176, 0.02506, 0.1512, 0.03523, 0.2747, 0.1054, 0.452, 0.4311, 0.2768, 0.1859]"
5,ESR1,ENSG00000091831.22,Brain_Anterior_cingulate_cortex_BA24,40-49,female,"[0.1231, 0.177, 0.1085, 0.05076, 0.04146, 0.2501, 0.3348]"
6,ESR1,ENSG00000091831.22,Brain_Anterior_cingulate_cortex_BA24,50-59,male,"[0.112, 0.05126, 0.08044, 0.05043, 0.04064, 0.266, 0.05567, 0.06283, 0.08047, 0.1203, 0.09379, 0.1525, 0.2416, 0.2624, 0.1048, 0.1119, 0.04299, 0.219, 0.03971, 0.1069, 0.1635, 0.05516, 0.09753, 0.1073, 0.05955, 0.184, 0.1715, 0.08471, 0.1395, 0.09846, 0.2468, 0.1896]"
7,ESR1,ENSG00000091831.22,Brain_Anterior_cingulate_cortex_BA24,50-59,female,"[0.03991, 0.1596, 0.1198, 0.1825, 0.203, 0.09055, 0.1523, 0.07905, 0.1627]"
8,ESR1,ENSG00000091831.22,Brain_Anterior_cingulate_cortex_BA24,60-69,male,"[0.1734, 0.08575, 0.0959, 0.09616, 0.07296, 0.03982, 0.06866, 0.1205, 0.0742, 0.07503, 0.3561, 0.08165, 0.2228, 0.07048, 0.2632, 0.1392, 0.08118, 0.06968, 0.05729, 0.1526, 0.2307, 0.0756, 0.07904, 0.2024, 0.1944, 0.1389, 0.1583, 0.1234, 0.1361, 0.05135, 0.2503, 0.06874, 0.103, 0.09226, 0.2224, 0.1601, 0.052, 0.1697, 0.1475, 0.05465, 0.132, 0.1771, 0.07577, 0.07621, 0.1823, 0.06436, 0.1163, 0.09796, 0.09464, 0.07767, 0.1874, 0.3195, 0.2545, 0.2543, 0.07525, 0.1775, 0.05299, 0.2877, 0.1092, 0.1427, 0.1177, 0.1664, 0.08804, 0.09256]"
9,ESR1,ENSG00000091831.22,Brain_Anterior_cingulate_cortex_BA24,60-69,female,"[0.08052, 0.04716, 0.06164, 0.1986, 0.06623, 0.04558, 0.1438, 0.1105, 0.3476, 0.1997, 0.2351, 0.2031, 0.05706, 0.1324, 0.1645, 0.04804, 0.06176, 0.1489, 0.04407, 0.06944, 0.2221, 0.2155, 0.3529, 1.542, 0.07765, 0.1802]"
10,ESR1,ENSG00000091831.22,Brain_Anterior_cingulate_cortex_BA24,70-79,male,"[0.1677, 0.05017, 0.3436, 0.1377, 0.1322, 0.04494, 0.1345, 0.05367, 0.1007, 0.2513, 0.244]"
11,ESR1,ENSG00000091831.22,Brain_Anterior_cingulate_cortex_BA24,70-79,female,"[0.1786, 0.332]"
