,gene,gencodeId,tissue,age,gender,TPMs
0,RAD51,ENSG00000051180.16,Brain_Hypothalamus,20-29,male,"[0.01606, 0.237, 0.3631]"
1,RAD51,ENSG00000051180.16,Brain_Hypothalamus,20-29,female,[0.2373]
2,RAD51,ENSG00000051180.16,Brain_Hypothalamus,30-39,male,"[0.2492, 0.3447, 0.1794]"
3,RAD51,ENSG00000051180.16,Brain_Hypothalamus,30-39,female,"[0.1397, 0.1252]"
4,RAD51,ENSG00000051180.16,Brain_Hypothalamus,40-49,male,"[0.296, 0.1223, 0.07808, 0.1985, 0.2554, 0.7627, 0.4884, 1.01, 0.2566, 0.3662, 0.1985, 0.1094]"
5,RAD51,ENSG00000051180.16,Brain_Hypothalamus,40-49,female,"[0.3191, 0.3582, 0.2261, 0.108, 0.259]"
6,RAD51,ENSG00000051180.16,Brain_Hypothalamus,50-59,male,"[0.2393, 0.4297, 0.1499, 0.1356, 0.05394, 0.4559, 0.3946, 0.3924, 0.1607, 0.205, 0.2615, 0.06815, 0.4675, 0.2961, 0.2519, 0.1024, 0.04035, 0.2896, 0.09648, 0.2126, 0.9431, 0.3304, 0.2065, 0.2618, 0.21, 0.289, 0.00798, 0.2209, 0.1985, 0.174, 0.2385, 0.4793, 0.07692, 0.0914, 0.251, 0.38, 0.3738, 0.01965, 0.5738, 0.1507, 0.2632, 0.1102, 0.2816, 0.5593, 0.1349, 0.1985]"
7,RAD51,ENSG00000051180.16,Brain_Hypothalamus,50-59,female,"[0.4168, 0.06906, 0.1925, 0.1749, 0.2263, 0.3135, 0.319, 0.3684, 0.3611, 0.09507, 0.1674, 0.07644, 0.09475, 0.2047, 0.2222]"
8,RAD51,ENSG00000051180.16,Brain_Hypothalamus,60-69,male,"[0.2643, 0.1559, 0.1124, 0.3398, 0.1886, 0.0817, 0.2458, 0.1481, 0.1815, 0.3025, 0.07467, 0.1087, 0.2865, 0.09705, 0.1741, 0.2071, 0.2048, 0.1007, 0.06563, 0.4165, 0.1591, 0.08916, 0.03493, 0.1744, 0.1941, 0.3595, 0.2441, 0.07555, 0.3041, 0.2687, 0.1983, 0.0797, 0.1829, 0.1283, 0.2398, 0.1795, 0.1207, 0.3829, 0.3474, 0.1313, 0.2159, 0.3181, 0.4118, 0.07603, 0.1483, 0.2948, 0.132, 0.2919, 0.1743, 0.3338, 0.1353, 0.1545, 0.1283, 0.5744, 0.1723, 0.05209, 0.4452, 0.2189, 0.1711, 0.2254, 0.3793, 0.3169, 0.1253, 0.3387, 0.4124, 0.1992, 0.2954, 0.1018, 0.2528, 0.0284, 0.4159, 0.2105, 0.08772, 0.2317, 0.07328, 0.09032, 0.1156]"
9,RAD51,ENSG00000051180.16,Brain_Hypothalamus,60-69,female,"[0.08668, 0.2422, 0.167, 0.1178, 0.1232, 0.2003, 0.1854, 0.1929, 0.5302, 0.4079, 0.0852, 0.2009, 0.09758, 0.2079, 0.1893, 0.1023, 0.06901, 0.1269, 0.1431, 0.1858, 0.4756, 0.1764, 0.4811, 0.375, 0.5056, 0.2602, 1.18, 0.2255, 0.2045]"
10,RAD51,ENSG00000051180.16,Brain_Hypothalamus,70-79,male,"[0.1303, 0.3259, 0.2352, 0.1555, 0.1283, 0.06927, 0.1283, 0.2085, 0.1505, 0.3279]"
11,RAD51,ENSG00000051180.16,Brain_Hypothalamus,70-79,female,"[0.6555, 0.08819, 0.05413]"
