,gene,gencodeId,tissue,age,gender,TPMs
0,RAD51,ENSG00000051180.16,Liver,20-29,male,"[0.5492, 0.2183, 8.329, 0.3757, 0.1622]"
1,RAD51,ENSG00000051180.16,Liver,20-29,female,"[0.2003, 0.6191, 0.1622]"
2,RAD51,ENSG00000051180.16,Liver,30-39,male,"[0.5338, 0.07897, 1.317, 0.2994, 0.06175, 0.1686, 0.09185, 0.3913, 0.05431, 0.363, 0.1482, 0.3299, 0.4055, 0.1976]"
3,RAD51,ENSG00000051180.16,Liver,30-39,female,"[1.455, 0.3499, 0.1759]"
4,RAD51,ENSG00000051180.16,Liver,40-49,male,"[1.075, 0.279, 0.2927, 0.5847, 0.1563, 0.2184, 0.3553, 0.2122, 0.3116, 1.032, 0.2308, 0.3162, 0.1827, 0.08309, 0.1933, 0.2226, 0.1622, 0.08646, 0.242, 3.911, 0.1521, 0.05225, 0.196, 0.4295]"
5,RAD51,ENSG00000051180.16,Liver,40-49,female,"[0.3485, 0.09041, 0.5417, 0.1535, 0.1483, 1.158, 0.1151, 0.3508, 0.6833, 2.637, 0.2246, 0.1622]"
6,RAD51,ENSG00000051180.16,Liver,50-59,male,"[0.3739, 0.1165, 0.1447, 0.3055, 0.1534, 0.06079, 0.2196, 0.09661, 0.1854, 0.2063, 0.3488, 0.4124, 1.659, 0.06894, 0.0506, 0.06955, 0.02072, 0.2653, 0.1275, 0.1357, 0.1687, 0.1761, 0.1675, 0.1549, 0.1663, 0.7752, 0.05428, 0.054, 0.1452, 0.3062, 0.1523, 0.5314, 0.1379, 0.2559, 0.2008, 0.1412, 0.2027, 0.09098, 0.1804, 0.2397, 0.1477, 0.4485, 0.1495, 0.2129, 0.3643, 0.1073, 0.2703, 0.1534, 0.1922, 0.1468, 0.7301, 0.2797, 0.1484, 0.1523, 2.509, 0.5233, 0.07049, 0.1255, 0.1456, 0.168, 0.6442, 0.2175]"
7,RAD51,ENSG00000051180.16,Liver,50-59,female,"[0.1452, 0.02742, 0.1749, 0.2958, 2.458, 0.2425, 0.08917, 0.2153, 0.2474, 0.1674, 0.06584, 0.2041, 0.283, 0.4595, 0.07715, 1.573, 0.1454, 0.282, 0.06709, 0.1937, 0.565, 0.7346, 0.08275, 0.6731]"
8,RAD51,ENSG00000051180.16,Liver,60-69,male,"[0.0868, 0.1656, 0.1219, 0.09517, 0.1184, 0.191, 0.02476, 0.1534, 0.03814, 0.1643, 0.3, 0.2922, 0.2073, 0.09557, 0.04422, 0.3341, 0.02766, 0.1526, 0.5427, 0.09254, 0.7697, 0.1584, 0.2252, 0.2416, 0.4204, 0.3303, 0.6478, 0.09915, 0.3334, 0.1452, 0.1843, 1.857, 0.1523, 0.5612, 0.2535, 0.1361, 0.728, 0.05877, 0.3566, 0.1547, 0.08516, 0.1908, 0.4916, 0.1337, 0.1224, 0.1034, 0.1775, 0.1417, 3.942, 0.1559, 0.1432, 0.1534, 0.227, 0.1368, 0.3292, 0.1316, 0.1523, 0.1946, 0.1351]"
9,RAD51,ENSG00000051180.16,Liver,60-69,female,"[0.09237, 0.1452, 0.201, 0.2947, 0.1231, 0.1705, 0.1437, 0.0333, 0.1341, 0.5771, 0.2388, 0.228, 0.1752, 0.2919, 0.1819, 0.1451, 0.1339, 0.2176, 0.1569, 0.2405, 0.3128, 0.2234, 0.1243]"
10,RAD51,ENSG00000051180.16,Liver,70-79,male,"[0.1831, 0.3576, 0.2393]"
11,RAD51,ENSG00000051180.16,Liver,70-79,female,"[0.1106, 0.1319]"
