,gene,gencodeId,tissue,age,gender,TPMs
0,AR,ENSG00000169083.16,Brain_Frontal_Cortex_BA9,20-29,male,"[0.9698, 1.076, 0.5346, 0.4625]"
1,AR,ENSG00000169083.16,Brain_Frontal_Cortex_BA9,20-29,female,[0.5575]
2,AR,ENSG00000169083.16,Brain_Frontal_Cortex_BA9,30-39,male,"[0.6836, 0.6747]"
3,AR,ENSG00000169083.16,Brain_Frontal_Cortex_BA9,30-39,female,"[1.552, 1.293]"
4,AR,ENSG00000169083.16,Brain_Frontal_Cortex_BA9,40-49,male,"[0.6928, 0.2638, 0.5483, 0.6656, 0.3255, 0.3876, 0.7481, 0.4643, 0.6928, 0.6758, 0.6651, 0.5512]"
5,AR,ENSG00000169083.16,Brain_Frontal_Cortex_BA9,40-49,female,"[0.9512, 0.8206, 0.6962, 0.467, 0.9082, 0.6845]"
6,AR,ENSG00000169083.16,Brain_Frontal_Cortex_BA9,50-59,male,"[1.044, 0.9701, 0.6119, 1.066, 0.3335, 0.6928, 0.8767, 0.4095, 0.338, 0.4456, 0.5572, 0.5918, 0.8167, 0.6679, 0.5951, 0.5651, 0.7578, 0.3922, 0.711, 0.6185, 0.263, 0.6991, 0.6359, 0.6178, 0.8505, 0.4859, 0.8134, 0.1528, 0.5505, 0.598, 0.4323, 0.5899, 0.534, 0.554, 0.7502, 0.5546, 0.4797, 0.5523, 0.4978, 0.6928, 0.7108, 0.8107, 0.9249, 0.7206, 0.8104, 0.4176, 1.184, 0.2696]"
7,AR,ENSG00000169083.16,Brain_Frontal_Cortex_BA9,50-59,female,"[0.6558, 0.2116, 0.62, 0.4134, 0.6726, 0.5626, 0.9421, 0.5463, 0.5585, 0.7756, 0.6085, 1.027, 0.5863, 0.9261, 0.892, 0.3993]"
8,AR,ENSG00000169083.16,Brain_Frontal_Cortex_BA9,60-69,male,"[1.019, 0.4348, 0.952, 0.5274, 0.3347, 0.5493, 0.5226, 0.3336, 0.6678, 0.9285, 0.4031, 0.6279, 0.6258, 0.3542, 0.743, 0.9163, 1.055, 0.7843, 0.1216, 0.6252, 0.6326, 0.4917, 0.29, 0.05898, 0.2799, 0.6698, 0.7393, 0.5513, 0.7655, 0.2888, 1.353, 0.6993, 0.4023, 0.5209, 0.6098, 0.7588, 0.3246, 0.2604, 0.7789, 0.3853, 0.6573, 0.4445, 0.6133, 1.22, 0.2785, 0.7531, 0.6059, 0.8485, 0.3767, 0.5166, 0.6652, 0.1447, 0.4279, 0.6965, 0.877, 0.2789, 0.7594, 0.5385, 0.3957, 0.5269, 0.594, 0.5038, 0.6514, 0.8276, 0.4159, 0.4881, 0.5135, 0.7244, 1.228, 0.4579, 0.7693, 0.06979, 0.95, 0.5169, 0.9458, 0.6127, 1.116, 1.149, 0.3507]"
9,AR,ENSG00000169083.16,Brain_Frontal_Cortex_BA9,60-69,female,"[0.5387, 0.7053, 0.6906, 0.7862, 1.177, 0.3686, 0.6631, 0.4081, 0.7193, 0.8044, 1.083, 0.4329, 0.3437, 1.039, 0.6048, 0.6318, 0.2451, 0.471, 0.3032, 0.5279, 0.7125, 0.2302, 0.3299, 1.736, 0.6073, 0.6996, 1.141, 0.4815, 0.5132]"
10,AR,ENSG00000169083.16,Brain_Frontal_Cortex_BA9,70-79,male,"[0.515, 0.2159, 0.399, 0.2727, 0.7408, 0.3068, 0.5344, 0.3487, 1.192, 0.1924]"
11,AR,ENSG00000169083.16,Brain_Frontal_Cortex_BA9,70-79,female,"[0.7039, 0.264]"
