,gene,gencodeId,tissue,age,gender,TPMs
0,TOP3B,ENSG00000100038.19,Brain_Hypothalamus,20-29,male,"[1.181, 1.646, 0.9983]"
1,TOP3B,ENSG00000100038.19,Brain_Hypothalamus,20-29,female,[0.9137]
2,TOP3B,ENSG00000100038.19,Brain_Hypothalamus,30-39,male,"[0.6871, 0.0, 0.512, 0.0, 0.0, 0.0, 0.0, 1.111]"
3,TOP3B,ENSG00000100038.19,Brain_Hypothalamus,30-39,female,"[0.934, 0.0]"
4,TOP3B,ENSG00000100038.19,Brain_Hypothalamus,40-49,male,"[0.6697, 0.0, 1.245, 0.0, 0.0, 0.0, 0.0, 0.4897, 3.14, 1.313, 0.9247, 0.1258, 0.8731, 0.9188, 0.429]"
5,TOP3B,ENSG00000100038.19,Brain_Hypothalamus,40-49,female,"[0.8841, 0.8512, 0.658, 0.5292, 0.0, 0.665]"
6,TOP3B,ENSG00000100038.19,Brain_Hypothalamus,50-59,male,"[2.141, 1.569, 0.4675, 0.09493, 0.4296, 0.3623, 0.8002, 1.127, 0.07499, 0.5442, 0.769, 0.334, 1.113, 1.451, 0.2374, 0.0, 0.0, 0.0, 0.5933, 0.4937, 0.2364, 0.304, 0.6797, 2.11, 0.7953, 1.198, 0.2058, 0.0, 0.0, 0.0, 0.0, 0.0, 0.0, 0.0, 0.0, 0.0, 0.0, 0.0, 0.0, 0.7911, 0.2837, 0.3908, 0.4046, 0.863, 0.3016, 0.1222, 0.3744, 0.5215, 0.9161, 0.1445, 0.5244, 1.182, 0.3926, 0.5064, 0.8379, 1.415, 0.4407]"
7,TOP3B,ENSG00000100038.19,Brain_Hypothalamus,50-59,female,"[0.5836, 0.3385, 0.7772, 0.4643, 0.4992, 0.9538, 0.5761, 0.7967, 0.8643, 0.5177, 0.373, 0.2141, 0.0, 0.0, 0.0, 0.4063, 1.146, 0.7261]"
8,TOP3B,ENSG00000100038.19,Brain_Hypothalamus,60-69,male,"[1.296, 0.3127, 0.162, 0.5552, 0.8668, 0.8581, 0.6598, 0.5183, 0.4448, 0.659, 0.0305, 0.4144, 1.517, 0.2973, 0.6163, 1.064, 0.4227, 0.2878, 0.4679, 0.9019, 0.3189, 0.09364, 0.0, 0.0856, 0.5129, 1.051, 1.175, 0.7069, 0.2116, 0.6879, 1.097, 0.5832, 0.09766, 0.7336, 0.5257, 0.2606, 0.4301, 0.2085, 0.681, 0.0, 0.0, 1.965, 0.0, 0.4067, 0.4224, 0.0, 0.3049, 0.3114, 0.6502, 0.1213, 0.2707, 0.1349, 0.5113, 0.6632, 0.1893, 0.1796, 0.5843, 1.056, 0.03647, 1.808, 0.3808, 0.2795, 0.6723, 0.6802, 0.3612, 0.2729, 0.9055, 0.8844, 0.2959, 0.6096, 0.798, 0.9912, 0.2784, 2.57, 1.768, 0.258, 0.5162, 0.419, 0.4829, 0.549]"
9,TOP3B,ENSG00000100038.19,Brain_Hypothalamus,60-69,female,"[0.1931, 0.4748, 0.9477, 0.2665, 0.2486, 0.2583, 0.4542, 0.1575, 0.9994, 1.282, 0.3416, 0.4922, 0.2575, 0.3638, 0.3795, 1.003, 0.2368, 0.3733, 0.33, 0.3835, 1.045, 0.1852, 1.439, 0.0, 0.8873, 1.08, 0.2685, 3.055, 0.5526, 0.3937]"
10,TOP3B,ENSG00000100038.19,Brain_Hypothalamus,70-79,male,"[0.2946, 0.7987, 0.636, 0.508, 0.5346, 0.5517, 0.8854, 0.3687, 0.6429]"
11,TOP3B,ENSG00000100038.19,Brain_Hypothalamus,70-79,female,"[0.6024, 0.4322, 0.1688]"
