,gene,gencodeId,tissue,age,gender,TPMs
0,CDK1,ENSG00000170312.15,Brain_Hippocampus,20-29,male,"[0.7365, 0.7351, 0.4146, 0.08615]"
1,CDK1,ENSG00000170312.15,Brain_Hippocampus,20-29,female,[0.3223]
2,CDK1,ENSG00000170312.15,Brain_Hippocampus,30-39,male,"[0.4734, 0.0507, 0.2942]"
3,CDK1,ENSG00000170312.15,Brain_Hippocampus,30-39,female,"[0.4109, 0.7136]"
4,CDK1,ENSG00000170312.15,Brain_Hippocampus,40-49,male,"[0.1933, 0.2774, 0.3214, 0.2244, 0.4645, 0.286, 0.4816, 0.7203, 0.9749, 0.3567, 0.7358, 0.7742, 0.5851]"
5,CDK1,ENSG00000170312.15,Brain_Hippocampus,40-49,female,"[0.9448, 0.6418, 0.3497, 0.5777, 0.1921, 0.247, 0.2515, 0.3281]"
6,CDK1,ENSG00000170312.15,Brain_Hippocampus,50-59,male,"[0.6375, 0.4401, 0.2469, 0.3034, 0.3006, 0.2933, 0.1967, 0.8609, 0.4345, 0.2843, 0.4164, 0.1082, 0.3918, 0.3176, 0.6593, 2.31, 0.1585, 0.5753, 0.4439, 0.3631, 0.5057, 0.2898, 0.4368, 0.1239, 0.2961, 0.3871, 0.5178, 0.4473, 0.2653, 0.833, 0.1761, 0.4654, 0.2932, 0.3155, 0.3148, 0.5457, 0.8769]"
7,CDK1,ENSG00000170312.15,Brain_Hippocampus,50-59,female,"[0.7908, 0.4455, 0.2086, 0.5713, 0.4777, 0.4988, 0.1223, 0.4761, 0.5281, 0.2237, 0.4038, 0.4876, 0.3516, 0.7398, 0.2753]"
8,CDK1,ENSG00000170312.15,Brain_Hippocampus,60-69,male,"[0.5323, 0.3271, 0.5748, 0.293, 0.357, 0.5298, 0.8261, 0.6229, 0.365, 0.4019, 0.3773, 0.4159, 0.3905, 0.3613, 0.4059, 0.583, 0.2651, 0.271, 0.198, 0.5155, 0.178, 0.2202, 0.6981, 0.3832, 0.3011, 0.6862, 0.2996, 0.1941, 0.6736, 0.8431, 0.6026, 0.3648, 0.2579, 0.8535, 0.103, 0.3755, 0.4428, 0.3085, 0.3251, 0.2872, 0.4234, 0.6681, 0.4332, 0.5275, 0.3373, 0.2432, 0.6066, 0.7418, 0.4322, 0.1122, 0.224, 0.1719, 0.1782, 0.2377, 0.4103, 0.485, 0.835, 0.1062, 0.07674, 0.612, 0.4009, 0.4607, 0.3398, 0.4809, 0.7034, 0.4244, 0.3506, 0.212, 0.1935, 0.1484, 0.6633, 0.3487, 0.6186, 0.2878, 0.6281, 0.3307, 0.2578]"
9,CDK1,ENSG00000170312.15,Brain_Hippocampus,60-69,female,"[0.3102, 0.5567, 0.947, 0.3847, 0.3866, 0.2376, 0.5007, 0.4363, 0.6631, 0.5858, 0.2272, 0.423, 0.294, 0.1782, 0.5119, 0.5434, 0.6125, 0.2748, 0.311, 0.5778, 0.6848, 0.4378, 1.091, 0.6271]"
10,CDK1,ENSG00000170312.15,Brain_Hippocampus,70-79,male,"[0.2554, 0.3549, 0.2395, 1.231, 0.4063, 0.371, 0.1782, 0.3128, 0.2687, 0.3597]"
11,CDK1,ENSG00000170312.15,Brain_Hippocampus,70-79,female,"[0.9349, 0.2758, 0.5697, 0.1782, 0.5435]"
