,gene,gencodeId,tissue,age,gender,TPMs
0,CDK1,ENSG00000170312.15,Brain_Amygdala,20-29,male,"[0.1634, 0.2095, 0.2342]"
1,CDK1,ENSG00000170312.15,Brain_Amygdala,20-29,female,"[0.3627, 0.412, 0.3627]"
2,CDK1,ENSG00000170312.15,Brain_Amygdala,30-39,male,"[0.4458, 0.2701]"
3,CDK1,ENSG00000170312.15,Brain_Amygdala,30-39,female,"[0.3702, 0.1467]"
4,CDK1,ENSG00000170312.15,Brain_Amygdala,40-49,male,"[0.1357, 0.4144, 0.2958, 0.2839, 0.4527, 0.8271, 0.3548, 0.5188]"
5,CDK1,ENSG00000170312.15,Brain_Amygdala,40-49,female,"[0.07663, 0.1516, 0.295, 0.283, 0.5572]"
6,CDK1,ENSG00000170312.15,Brain_Amygdala,50-59,male,"[0.5163, 0.2855, 0.397, 0.4364, 0.364, 0.3983, 0.2518, 0.15, 0.1977, 0.3122, 0.2219, 0.1736, 0.3454, 0.1606, 0.454, 0.2246, 1.754, 0.4153, 0.3861, 0.2029, 0.1575, 0.1445, 0.1669, 0.3753, 0.1523, 0.2471, 0.3645, 0.6043, 0.4137, 1.629, 0.3958, 0.7586, 0.4047, 1.278]"
7,CDK1,ENSG00000170312.15,Brain_Amygdala,50-59,female,"[0.28, 0.2423, 0.4417, 0.347, 0.3632, 0.5381, 0.3671, 0.637, 0.1537, 0.1827, 0.7175]"
8,CDK1,ENSG00000170312.15,Brain_Amygdala,60-69,male,"[0.2526, 0.02638, 0.06927, 0.3135, 0.6397, 0.4648, 0.1971, 0.1921, 0.5888, 0.2927, 0.1693, 0.2525, 0.1932, 0.5798, 0.2182, 0.4435, 0.1697, 0.3177, 0.1199, 0.9448, 0.1636, 0.4069, 0.0, 0.4447, 0.1842, 0.1186, 0.3769, 0.3616, 0.1907, 0.116, 0.0907, 0.201, 0.2238, 0.4692, 0.3004, 0.2018, 0.1905, 0.77, 0.4534, 0.3485, 0.2031, 0.2476, 0.1465, 0.4757, 0.8966, 0.3519, 0.2283, 0.5661, 0.4836, 0.5486, 0.2243, 0.1717]"
9,CDK1,ENSG00000170312.15,Brain_Amygdala,60-69,female,"[0.3885, 0.3627, 0.4829, 0.249, 0.2368, 0.3516, 0.2924, 0.3973, 0.1769, 0.2454, 0.2831, 0.3627, 0.4445, 0.3797, 0.2806, 0.3738, 0.3014, 0.4105, 0.09936, 0.4615, 0.2325, 0.2046, 1.965, 0.4314]"
10,CDK1,ENSG00000170312.15,Brain_Amygdala,70-79,male,"[0.2301, 0.02809, 0.1867, 0.2703, 1.102, 0.2113, 0.1724, 0.3817]"
11,CDK1,ENSG00000170312.15,Brain_Amygdala,70-79,female,"[0.1888, 0.236]"
