,gene,gencodeId,tissue,age,gender,TPMs
0,CNR1,ENSG00000118432.12,Artery_Coronary,20-29,male,"[7.455, 15.99, 15.81, 1.059, 3.225, 15.19, 2.728, 11.46]"
1,CNR1,ENSG00000118432.12,Artery_Coronary,20-29,female,"[3.799, 32.23, 1.116, 8.594, 3.838, 7.152]"
2,CNR1,ENSG00000118432.12,Artery_Coronary,30-39,male,"[3.348, 10.34, 0.4543, 4.231, 1.622, 0.624, 5.198]"
3,CNR1,ENSG00000118432.12,Artery_Coronary,30-39,female,"[3.418, 15.48, 3.35, 10.81, 2.949]"
4,CNR1,ENSG00000118432.12,Artery_Coronary,40-49,male,"[6.266, 2.643, 1.48, 0.05956, 0.9763, 5.003, 15.04, 19.16, 17.79, 5.984, 2.422, 6.349, 2.187, 8.435, 6.184, 3.986, 0.9452, 4.132]"
5,CNR1,ENSG00000118432.12,Artery_Coronary,40-49,female,"[6.132, 2.164, 9.294, 1.858, 6.734, 2.066, 1.53, 9.711, 1.062, 3.51, 11.68, 4.769, 4.565, 16.84, 0.3066, 2.799, 2.408, 9.54, 77.73]"
6,CNR1,ENSG00000118432.12,Artery_Coronary,50-59,male,"[19.52, 1.327, 0.6924, 1.134, 27.11, 13.7, 3.029, 1.506, 9.431, 2.601, 2.091, 0.7256, 1.701, 10.65, 9.882, 8.521, 7.885, 6.9, 6.581, 21.27, 5.924, 0.9037, 0.774, 5.36, 4.496, 9.145, 55.76, 56.09, 2.696, 26.58, 4.772, 3.533, 2.127, 1.58, 18.71, 1.159, 27.05, 4.362, 7.685, 4.549, 8.839, 19.48, 4.736, 3.367, 1.553, 1.088, 10.73, 3.903, 3.07, 3.173, 0.4441, 1.857, 4.715, 37.67, 6.741, 9.257, 5.481, 12.77, 41.08, 26.01, 0.3856, 9.944, 28.51, 4.573, 13.78, 1.266]"
7,CNR1,ENSG00000118432.12,Artery_Coronary,50-59,female,"[21.53, 9.057, 5.654, 21.82, 7.541, 10.2, 6.626, 0.1936, 3.125, 0.9099, 8.918, 62.95, 4.496, 1.783, 9.549, 51.87, 2.76, 5.423, 8.043, 12.24, 1.81, 1.437, 11.26, 3.165, 1.92, 3.288, 1.381, 9.396, 6.77, 20.95]"
8,CNR1,ENSG00000118432.12,Artery_Coronary,60-69,male,"[0.3525, 6.128, 0.8971, 1.647, 0.2394, 7.094, 0.921, 6.418, 38.73, 3.816, 22.28, 36.65, 8.558, 8.746, 0.8946, 6.487, 18.84, 0.9813, 1.158, 2.667, 2.824, 8.086, 4.496, 3.795, 5.629, 2.455, 2.69, 2.009, 2.001, 1.996, 0.1808, 6.816, 20.06, 5.412, 4.343, 35.48, 0.7031, 5.728, 2.688, 6.152, 10.67, 6.819, 12.9]"
9,CNR1,ENSG00000118432.12,Artery_Coronary,60-69,female,"[39.79, 4.371, 5.487, 2.033, 7.72, 0.1126, 0.4755, 4.662, 13.91, 4.696, 30.77, 1.311, 13.81, 0.7385, 11.01, 10.86, 6.395, 4.496, 7.817, 7.188, 8.393, 3.432, 6.521, 8.923, 19.09, 6.926, 7.906, 3.513, 4.127, 2.112, 6.13, 12.92, 26.42, 30.12]"
10,CNR1,ENSG00000118432.12,Artery_Coronary,70-79,male,"[3.614, 24.39, 2.948, 1.78, 0.01736]"
11,CNR1,ENSG00000118432.12,Artery_Coronary,70-79,female,[3.891]
