,gene,gencodeId,tissue,age,gender,TPMs
0,TP73,ENSG00000078900.14,Brain_Hypothalamus,20-29,male,"[0.9902, 0.5546, 1.546]"
1,TP73,ENSG00000078900.14,Brain_Hypothalamus,20-29,female,[0.2897]
2,TP73,ENSG00000078900.14,Brain_Hypothalamus,30-39,male,"[0.4184, 0.4846, 0.3689]"
3,TP73,ENSG00000078900.14,Brain_Hypothalamus,30-39,female,"[0.4963, 0.3312]"
4,TP73,ENSG00000078900.14,Brain_Hypothalamus,40-49,male,"[0.3058, 0.7466, 0.3972, 0.2304, 15.34, 0.8945, 1.639, 0.3237, 0.7552, 0.7404, 0.521]"
5,TP73,ENSG00000078900.14,Brain_Hypothalamus,40-49,female,"[2.236, 1.259, 0.2976, 1.222, 0.5045]"
6,TP73,ENSG00000078900.14,Brain_Hypothalamus,50-59,male,"[0.273, 0.1594, 1.023, 0.07094, 1.988, 1.008, 0.1412, 0.9828, 0.6585, 0.3598, 0.5491, 0.511, 0.4973, 1.501, 0.5618, 0.9066, 0.6733, 0.5457, 0.2258, 1.844, 0.4402, 1.919, 0.4322, 8.194, 0.7845, 0.6542, 0.1364, 1.95, 3.039, 0.9558, 0.4256, 0.412, 0.4179, 2.577, 0.4397, 0.334, 0.3363, 0.18, 1.069, 1.555, 1.935, 0.349, 0.6814, 0.3083, 0.6038]"
7,TP73,ENSG00000078900.14,Brain_Hypothalamus,50-59,female,"[0.4943, 0.3004, 0.6015, 1.392, 0.8428, 1.214, 0.6508, 3.512, 0.1692, 0.6061, 0.223, 0.3033, 0.8675, 2.552, 0.4341]"
8,TP73,ENSG00000078900.14,Brain_Hypothalamus,60-69,male,"[0.5837, 0.2639, 0.3834, 0.4714, 0.4822, 0.6056, 0.4037, 5.72, 0.1785, 0.2394, 0.1899, 1.998, 3.443, 0.9331, 0.7381, 1.602, 0.7305, 0.4148, 0.4116, 0.6681, 0.3928, 0.5209, 0.4442, 0.8144, 1.378, 0.673, 0.3657, 0.2569, 0.5712, 1.17, 1.38, 0.146, 1.112, 0.416, 0.3084, 0.3214, 1.2, 0.1696, 0.6414, 0.7814, 1.494, 0.1578, 0.4683, 2.25, 1.188, 0.2871, 0.3612, 0.6607, 1.274, 3.07, 0.5069, 0.4419, 2.415, 0.2577, 0.854, 0.6212, 0.6682, 0.5121, 0.5383, 0.5083, 0.9446, 0.3654, 0.2506, 0.9834, 0.2432, 1.585, 0.1863, 0.2315, 0.04623, 8.743, 6.708, 0.6104, 3.459, 2.281, 1.92, 0.5955]"
9,TP73,ENSG00000078900.14,Brain_Hypothalamus,60-69,female,"[0.4089, 3.744, 0.4131, 0.7357, 0.1946, 2.612, 0.309, 0.363, 1.282, 9.149, 0.3735, 0.2963, 0.2841, 0.648, 0.1943, 0.6995, 0.733, 0.3409, 1.474, 0.5194, 0.5406, 0.4742, 2.663, 0.4657, 0.5855, 0.3845, 7.053, 3.641, 0.4324]"
10,TP73,ENSG00000078900.14,Brain_Hypothalamus,70-79,male,"[0.2018, 1.237, 0.9901, 0.4033, 0.4504, 0.3805, 0.6701, 0.3617, 0.5805]"
11,TP73,ENSG00000078900.14,Brain_Hypothalamus,70-79,female,"[1.801, 0.8075, 0.5978]"
