,gene,gencodeId,tissue,age,gender,TPMs
0,TP73,ENSG00000078900.14,Brain_Anterior_cingulate_cortex_BA24,20-29,male,[0.2646]
1,TP73,ENSG00000078900.14,Brain_Anterior_cingulate_cortex_BA24,20-29,female,"[0.2547, 0.4038, 0.1993]"
2,TP73,ENSG00000078900.14,Brain_Anterior_cingulate_cortex_BA24,30-39,male,"[0.2676, 0.7991, 0.1899]"
3,TP73,ENSG00000078900.14,Brain_Anterior_cingulate_cortex_BA24,30-39,female,"[0.2676, 0.2279]"
4,TP73,ENSG00000078900.14,Brain_Anterior_cingulate_cortex_BA24,40-49,male,"[0.3768, 0.1644, 0.3804, 0.1622, 0.3724, 0.428, 0.1701, 0.2679, 0.5347, 0.1644, 0.457, 0.5137, 0.5137, 0.6102, 0.1799, 0.3246, 0.5137, 0.5137, 0.1859, 0.3731]"
5,TP73,ENSG00000078900.14,Brain_Anterior_cingulate_cortex_BA24,40-49,female,"[0.3762, 0.5573, 0.1422, 0.1422, 0.2975, 0.215, 0.3211, 0.2566]"
6,TP73,ENSG00000078900.14,Brain_Anterior_cingulate_cortex_BA24,50-59,male,"[0.08358, 0.1201, 0.3799, 0.1227, 0.1644, 0.1829, 0.2464, 0.4056, 0.1412, 0.2742, 0.4928, 0.3377, 0.4083, 0.282, 0.2719, 0.3604, 0.431, 0.108, 0.3479, 0.4042, 0.1412, 0.3077, 0.09584, 0.3667, 0.3795, 0.1279, 0.5063, 0.3003, 0.2903, 0.1644, 0.3517, 0.282, 0.3604, 0.2079, 0.1668, 0.3533]"
7,TP73,ENSG00000078900.14,Brain_Anterior_cingulate_cortex_BA24,50-59,female,"[0.2678, 0.366, 0.2885, 1.115, 0.3561, 0.1422, 0.2404, 0.1754, 0.1422, 0.2686]"
8,TP73,ENSG00000078900.14,Brain_Anterior_cingulate_cortex_BA24,60-69,male,"[0.318, 0.1638, 0.4635, 0.2584, 0.3188, 0.3443, 0.3778, 0.1251, 0.4609, 0.3253, 0.4527, 0.1412, 0.1625, 0.3619, 0.2042, 0.282, 0.3317, 0.2387, 0.345, 0.1863, 0.4134, 0.1412, 0.3287, 0.2698, 0.4587, 0.2676, 0.5659, 0.1106, 0.1679, 0.1721, 0.2473, 0.19, 0.2826, 0.1722, 0.4019, 0.1888, 0.4034, 0.204, 0.2365, 0.1907, 0.1586, 0.2286, 0.1904, 0.1977, 0.2555, 0.282, 0.1528, 0.4108, 0.08388, 0.1956, 0.2002, 0.1764, 0.3846, 0.2343, 0.2697, 0.1184, 0.4969, 0.2837, 0.254, 0.01535, 0.3436, 0.2768, 0.3548, 0.2061, 0.3139, 0.3704, 0.1767]"
9,TP73,ENSG00000078900.14,Brain_Anterior_cingulate_cortex_BA24,60-69,female,"[0.443, 0.2854, 0.3634, 0.444, 0.1755, 0.2711, 0.2991, 0.2378, 0.4364, 0.1984, 0.1617, 0.4751, 0.4186, 0.3134, 0.1239, 0.2102, 0.1873, 0.05852, 0.2676, 0.1647, 1.199, 0.3247, 0.2106, 4.351, 0.2863, 0.3469]"
10,TP73,ENSG00000078900.14,Brain_Anterior_cingulate_cortex_BA24,70-79,male,"[0.2563, 0.046, 0.3565, 0.1856, 0.2672, 0.3604, 0.29, 0.5639, 0.261, 0.2978, 0.5276, 0.3604]"
11,TP73,ENSG00000078900.14,Brain_Anterior_cingulate_cortex_BA24,70-79,female,"[0.1975, 0.5889]"
