,gene,gencodeId,tissue,age,gender,TPMs
0,TP73,ENSG00000078900.14,Kidney_Cortex,20-29,male,[0.05317]
1,TP73,ENSG00000078900.14,Kidney_Cortex,20-29,female,[]
2,TP73,ENSG00000078900.14,Kidney_Cortex,30-39,male,"[0.2008, 0.2461, 0.1117, 0.4847, 0.08663, 0.04618]"
3,TP73,ENSG00000078900.14,Kidney_Cortex,30-39,female,"[0.251, 0.08655]"
4,TP73,ENSG00000078900.14,Kidney_Cortex,40-49,male,"[0.05777, 0.07547, 0.03879, 0.08182, 0.2206, 0.3893]"
5,TP73,ENSG00000078900.14,Kidney_Cortex,40-49,female,"[0.07343, 0.1431]"
6,TP73,ENSG00000078900.14,Kidney_Cortex,50-59,male,"[0.05343, 0.03877, 0.09194, 0.1158, 0.0874, 0.2666, 0.0702, 0.1036, 0.1491, 0.048, 0.2039, 0.1459, 0.05247, 0.01752, 0.05784, 0.05487, 0.04021, 0.1121, 0.06056, 0.2411, 0.04465, 0.1179, 0.1176]"
7,TP73,ENSG00000078900.14,Kidney_Cortex,50-59,female,"[0.1012, 0.06869, 0.02526, 0.09509, 0.04806, 0.01618]"
8,TP73,ENSG00000078900.14,Kidney_Cortex,60-69,male,"[0.09125, 0.06046, 0.06052, 0.01682, 0.1126, 0.08074, 0.04248, 0.07438, 0.4127, 0.1313, 0.07776, 0.05061, 0.1033, 0.08021, 0.04892, 0.05242, 0.01544, 0.2389, 0.3104, 0.01289, 0.145, 0.1104, 0.07869, 0.05108, 0.0157, 0.4759]"
9,TP73,ENSG00000078900.14,Kidney_Cortex,60-69,female,"[0.4717, 0.2758, 0.04894, 0.5268, 0.4096, 0.1132, 0.2097, 0.156, 0.2131]"
10,TP73,ENSG00000078900.14,Kidney_Cortex,70-79,male,"[0.0461, 0.06378, 0.2747, 0.1546]"
11,TP73,ENSG00000078900.14,Kidney_Cortex,70-79,female,[]
