,gene,gencodeId,tissue,age,gender,TPMs
0,AGTR1,ENSG00000144891.17,Brain_Amygdala,20-29,male,"[0.07961, 0.09359, 0.1015]"
1,AGTR1,ENSG00000144891.17,Brain_Amygdala,20-29,female,"[0.153, 0.1222]"
2,AGTR1,ENSG00000144891.17,Brain_Amygdala,30-39,male,"[0.0, 0.07181]"
3,AGTR1,ENSG00000144891.17,Brain_Amygdala,30-39,female,"[0.08018, 0.1703]"
4,AGTR1,ENSG00000144891.17,Brain_Amygdala,40-49,male,"[0.02646, 0.1655, 0.03264, 0.04805, 0.287, 0.1308, 0.7622, 0.2146, 0.0465]"
5,AGTR1,ENSG00000144891.17,Brain_Amygdala,40-49,female,"[0.08299, 0.1232, 0.09021, 0.1655, 0.2655]"
6,AGTR1,ENSG00000144891.17,Brain_Amygdala,50-59,male,"[0.157, 0.1791, 0.02977, 0.08103, 0.06757, 0.0647, 0.08726, 0.135, 0.1713, 0.1655, 0.05288, 0.1241, 0.1188, 0.03912, 0.06052, 0.146, 0.05652, 0.1847, 0.1672, 0.07326, 0.08186, 0.1073, 0.05424, 0.1394, 0.04947, 0.107, 0.05922, 0.1583, 0.05376, 0.2191, 0.5341, 0.07042, 0.1044, 0.2178]"
7,AGTR1,ENSG00000144891.17,Brain_Amygdala,50-59,female,"[0.2646, 0.07084, 0.2937, 0.1353, 0.1242, 0.07947, 0.05613, 0.1317, 0.08739, 0.1655, 0.3166, 0.2098]"
8,AGTR1,ENSG00000144891.17,Brain_Amygdala,60-69,male,"[0.1313, 0.03428, 0.1575, 0.2037, 0.17, 0.17, 0.2122, 0.02955, 0.04681, 0.2391, 0.09818, 0.2017, 0.1293, 0.1444, 0.06279, 0.09747, 0.02745, 0.1732, 0.03059, 0.08501, 0.04582, 0.1488, 0.1146, 0.1369, 0.2282, 0.1197, 0.1471, 0.09524, 0.4934, 0.1735, 0.1659, 0.07367, 0.08164, 0.2181, 0.05672, 0.1952, 0.1311, 0.1913, 0.2723, 0.09531, 0.02831, 0.1173, 0.01006, 0.1333, 0.03435, 0.1554, 0.1016, 0.02119, 0.06131, 0.1768, 0.1485, 0.1041, 0.02232]"
9,AGTR1,ENSG00000144891.17,Brain_Amygdala,60-69,female,"[0.5355, 0.3841, 0.1569, 0.09517, 0.1538, 0.1246, 0.1036, 0.7205, 0.04597, 0.1812, 0.115, 0.1589, 0.07591, 0.1459, 0.1286, 0.06185, 0.05927, 0.1761, 0.06772, 0.17, 0.17, 0.2599, 0.7802, 0.2695]"
10,AGTR1,ENSG00000144891.17,Brain_Amygdala,70-79,male,"[0.2617, 0.2008, 0.0834, 0.155, 0.03978, 0.03787, 0.1961, 0.08267]"
11,AGTR1,ENSG00000144891.17,Brain_Amygdala,70-79,female,"[0.06545, 0.09657]"
