,gene,gencodeId,tissue,age,gender,TPMs
0,ERCC5,ENSG00000134899.18,Brain_Hippocampus,20-29,male,"[0.5479, 0.8333, 0.5911, 0.721]"
1,ERCC5,ENSG00000134899.18,Brain_Hippocampus,20-29,female,[0.5013]
2,ERCC5,ENSG00000134899.18,Brain_Hippocampus,30-39,male,"[0.766, 0.3489, 0.5571]"
3,ERCC5,ENSG00000134899.18,Brain_Hippocampus,30-39,female,"[0.4415, 0.5152]"
4,ERCC5,ENSG00000134899.18,Brain_Hippocampus,40-49,male,"[0.3019, 0.6191, 0.6191, 0.4125, 1.113, 0.443, 0.6867, 0.3738, 0.5051, 1.49, 0.6191, 0.6191, 1.352, 0.7679, 0.6051]"
5,ERCC5,ENSG00000134899.18,Brain_Hippocampus,40-49,female,"[0.7809, 0.6662, 0.1537, 1.178, 0.2143, 0.3307, 1.133, 0.5252]"
6,ERCC5,ENSG00000134899.18,Brain_Hippocampus,50-59,male,"[0.3049, 0.2339, 1.516, 0.2709, 0.4278, 0.3692, 0.3706, 0.7535, 0.8888, 0.2232, 0.271, 0.2335, 0.6801, 0.8072, 0.3956, 0.5376, 0.4395, 0.6303, 0.1651, 0.1851, 0.1209, 0.1274, 0.4526, 0.3412, 0.6607, 0.1717, 0.8456, 0.7469, 0.329, 1.025, 0.1555, 0.9262, 0.4155, 0.5761, 1.101, 0.4601, 0.8806]"
7,ERCC5,ENSG00000134899.18,Brain_Hippocampus,50-59,female,"[0.3992, 0.5121, 0.7337, 0.4754, 0.7876, 0.2662, 0.2638, 0.4474, 0.8622, 0.2289, 0.4224, 0.3537, 0.5996, 1.143, 0.1401]"
8,ERCC5,ENSG00000134899.18,Brain_Hippocampus,60-69,male,"[0.3667, 0.4606, 0.66, 0.2288, 0.414, 0.7488, 0.59, 0.2085, 0.6399, 0.3203, 0.1981, 0.5844, 0.249, 0.7775, 1.256, 0.4431, 0.7592, 0.5264, 0.3399, 0.826, 0.4067, 0.4004, 2.285, 0.4947, 0.3102, 0.4236, 1.219, 0.4256, 0.607, 0.6272, 0.8558, 0.5089, 0.7514, 0.6162, 0.2043, 0.08889, 0.4426, 0.6557, 0.2217, 0.2671, 0.3243, 0.3284, 1.386, 0.3153, 0.4183, 0.6966, 0.3008, 0.5723, 0.1692, 0.1461, 0.4352, 0.4091, 0.3408, 0.4243, 0.5723, 0.6908, 0.8801, 1.204, 0.3554, 0.2474, 0.5402, 0.3728, 0.52, 0.574, 0.4293, 0.625, 0.665, 0.8438, 0.1577, 0.8433, 0.2116, 0.8533, 0.8286, 1.033, 0.13, 0.1536, 0.6104, 0.2251]"
9,ERCC5,ENSG00000134899.18,Brain_Hippocampus,60-69,female,"[0.4039, 0.4029, 0.4837, 0.4154, 0.5273, 0.4545, 1.098, 0.714, 0.6648, 0.7151, 0.7151, 0.2228, 0.5769, 0.7151, 0.7151, 0.8396, 0.6737, 0.7025, 0.06133, 0.4958, 1.163, 1.541, 0.3562, 1.847, 0.2333]"
10,ERCC5,ENSG00000134899.18,Brain_Hippocampus,70-79,male,"[0.5463, 0.6864, 0.3168, 0.8744, 0.403, 0.3169, 0.5723, 0.7183, 0.5723, 0.7911]"
11,ERCC5,ENSG00000134899.18,Brain_Hippocampus,70-79,female,"[0.3014, 0.4382, 0.5256, 0.2603, 0.2527]"
