,gene,gencodeId,tissue,age,gender,TPMs
0,IL7R,ENSG00000168685.14,Brain_Amygdala,20-29,male,"[0.3411, 0.1458, 0.06727]"
1,IL7R,ENSG00000168685.14,Brain_Amygdala,20-29,female,"[0.2107, 0.1816]"
2,IL7R,ENSG00000168685.14,Brain_Amygdala,30-39,male,"[0.2549, 0.0879]"
3,IL7R,ENSG00000168685.14,Brain_Amygdala,30-39,female,"[0.05608, 0.2126]"
4,IL7R,ENSG00000168685.14,Brain_Amygdala,40-49,male,"[0.08636, 0.07991, 0.05881, 0.207, 0.1, 0.2392, 0.1119, 0.2134]"
5,IL7R,ENSG00000168685.14,Brain_Amygdala,40-49,female,"[0.1117, 0.1206, 0.04141, 0.1801, 0.9307]"
6,IL7R,ENSG00000168685.14,Brain_Amygdala,50-59,male,"[0.1136, 0.1957, 0.1336, 0.02479, 0.09305, 0.0792, 0.3004, 0.1331, 0.1245, 0.03594, 0.04413, 0.4211, 0.09695, 0.1397, 0.0463, 0.07882, 0.1557, 0.06085, 0.1396, 0.06725, 0.2964, 0.04105, 0.02656, 0.2004, 0.4466, 0.1263, 0.0604, 0.02326, 0.09459, 0.3128, 0.6235, 0.1616, 0.1047, 1.041]"
7,IL7R,ENSG00000168685.14,Brain_Amygdala,50-59,female,"[0.167, 0.04336, 0.2492, 1.607, 0.323, 0.06809, 0.7944, 0.05757, 0.03056, 0.2492, 0.3391, 0.4137]"
8,IL7R,ENSG00000168685.14,Brain_Amygdala,60-69,male,"[0.3114, 0.02098, 0.07346, 0.1439, 0.05782, 0.1599, 0.01206, 0.2769, 0.9659, 0.1765, 0.101, 0.4503, 0.1844, 0.6277, 0.3362, 0.08399, 0.1879, 0.05616, 0.04769, 0.5664, 0.2407, 0.1187, 0.1005, 1.489, 0.07849, 1.376, 0.09575, 0.5992, 1.335, 0.2261, 0.09469, 0.9643, 0.267, 0.1215, 0.09558, 0.04458, 0.05165, 0.06202, 0.05303, 0.1126, 0.07178, 0.1169, 0.3204, 0.08408, 0.2513, 0.3887, 0.1556, 0.1438, 0.3666, 0.07272, 0.07647, 0.04781]"
9,IL7R,ENSG00000168685.14,Brain_Amygdala,60-69,female,"[0.06086, 0.6838, 0.1477, 0.1165, 0.2492, 0.1626, 0.04449, 0.222, 0.6394, 0.09848, 0.4436, 0.5488, 0.1591, 0.1103, 0.5022, 0.2492, 0.2145, 0.0, 0.2443, 0.03552, 0.05779, 0.3958, 4.015, 0.2771]"
10,IL7R,ENSG00000168685.14,Brain_Amygdala,70-79,male,"[0.3375, 0.4692, 0.06032, 0.6766, 0.1704, 0.03476, 0.2172, 0.06324]"
11,IL7R,ENSG00000168685.14,Brain_Amygdala,70-79,female,"[0.1302, 0.1217]"
