,gene,gencodeId,tissue,age,gender,TPMs
0,NGF,ENSG00000134259.3,Brain_Putamen_basal_ganglia,20-29,male,"[0.2783, 0.7823, 1.251, 1.245]"
1,NGF,ENSG00000134259.3,Brain_Putamen_basal_ganglia,20-29,female,[1.023]
2,NGF,ENSG00000134259.3,Brain_Putamen_basal_ganglia,30-39,male,"[1.458, 1.633, 1.027]"
3,NGF,ENSG00000134259.3,Brain_Putamen_basal_ganglia,30-39,female,"[1.066, 0.1054]"
4,NGF,ENSG00000134259.3,Brain_Putamen_basal_ganglia,40-49,male,"[0.9869, 1.035, 1.51, 1.309, 1.258, 0.03858, 0.05121, 1.035, 0.3963, 0.4411, 1.042, 0.4562, 1.735, 0.6528, 1.031]"
5,NGF,ENSG00000134259.3,Brain_Putamen_basal_ganglia,40-49,female,"[1.906, 1.005, 1.029, 0.9053, 1.471, 1.029]"
6,NGF,ENSG00000134259.3,Brain_Putamen_basal_ganglia,50-59,male,"[1.329, 1.385, 0.6369, 1.535, 1.021, 1.745, 0.2349, 0.9219, 0.2055, 0.3979, 1.256, 1.675, 1.595, 0.0374, 0.6275, 0.6042, 1.459, 1.322, 0.4218, 0.7961, 0.9594, 1.721, 0.5624, 0.8622, 0.07241, 1.327, 0.4146, 0.05775, 0.7061, 1.136, 0.04127, 0.1659, 0.03138, 1.548, 0.8707, 0.06271, 0.08498, 0.2749, 0.1979, 0.726, 0.8769, 0.6841, 0.6319, 0.3501, 0.04457, 1.091, 0.8715, 1.596, 0.9565, 0.8796, 0.977, 0.3439, 1.202]"
7,NGF,ENSG00000134259.3,Brain_Putamen_basal_ganglia,50-59,female,"[1.66, 0.7644, 0.3492, 0.1922, 1.159, 0.4146, 1.557, 0.2199, 1.142, 2.398, 0.6525, 0.08954, 1.326, 0.4327, 0.09433]"
8,NGF,ENSG00000134259.3,Brain_Putamen_basal_ganglia,60-69,male,"[0.8783, 1.41, 1.489, 0.9758, 0.1039, 0.3551, 0.4711, 0.3809, 1.793, 0.9382, 2.186, 0.09727, 1.651, 0.446, 0.639, 0.2333, 1.072, 0.4228, 1.229, 1.035, 0.8619, 0.5101, 0.8282, 0.9097, 0.3343, 0.2692, 0.6506, 1.248, 1.248, 0.6988, 0.7797, 1.433, 0.5597, 0.4364, 0.4146, 0.8751, 0.18, 1.254, 0.9099, 1.025, 0.7181, 1.21, 1.21, 1.282, 0.2334, 0.1888, 1.248, 1.248, 0.1523, 0.1125, 1.035, 0.5445, 0.255, 0.4125, 1.422, 1.484, 0.8812, 0.3091, 0.935, 0.7603, 0.2075, 0.682, 1.437, 1.836, 0.5839, 1.167, 0.7555, 0.7949, 0.244, 2.094, 0.0907, 1.443, 0.7384, 1.21, 1.21, 0.6566, 0.2764, 0.2021, 0.7575, 0.2994, 0.8021]"
9,NGF,ENSG00000134259.3,Brain_Putamen_basal_ganglia,60-69,female,"[0.1909, 0.7005, 0.6718, 1.173, 0.5969, 0.264, 0.6121, 0.5792, 1.297, 0.1211, 0.4257, 0.4146, 0.3244, 0.3381, 1.791, 1.029, 0.1265, 0.2149, 0.5381, 0.3771, 3.431, 1.145, 0.5012, 1.029, 0.1542, 1.211]"
10,NGF,ENSG00000134259.3,Brain_Putamen_basal_ganglia,70-79,male,"[0.9367, 1.008, 0.4835, 0.1875, 0.9421, 1.226, 2.008]"
11,NGF,ENSG00000134259.3,Brain_Putamen_basal_ganglia,70-79,female,"[0.2584, 1.347]"
