,gene,gencodeId,tissue,age,gender,TPMs
0,NGF,ENSG00000134259.3,Brain_Amygdala,20-29,male,"[1.807, 1.837, 7.865]"
1,NGF,ENSG00000134259.3,Brain_Amygdala,20-29,female,"[1.175, 1.682]"
2,NGF,ENSG00000134259.3,Brain_Amygdala,30-39,male,"[3.158, 1.431]"
3,NGF,ENSG00000134259.3,Brain_Amygdala,30-39,female,"[1.103, 0.7239]"
4,NGF,ENSG00000134259.3,Brain_Amygdala,40-49,male,"[1.925, 0.8789, 0.5964, 3.352, 1.191, 2.281, 1.266, 0.6787, 1.266, 2.113, 2.317]"
5,NGF,ENSG00000134259.3,Brain_Amygdala,40-49,female,"[2.068, 0.7364, 1.236, 1.191, 1.925]"
6,NGF,ENSG00000134259.3,Brain_Amygdala,50-59,male,"[2.679, 1.254, 1.252, 0.0, 1.01, 1.548, 1.667, 1.42, 0.64, 0.6384, 0.3832, 1.461, 2.434, 1.278, 0.3016, 3.08, 1.095, 1.085, 1.844, 0.8517, 0.3852, 0.9581, 1.513, 0.9027, 1.191, 0.9904, 2.033, 0.6311, 1.005, 0.4851, 1.61, 0.7018, 2.094, 1.492]"
7,NGF,ENSG00000134259.3,Brain_Amygdala,50-59,female,"[0.7417, 2.066, 2.151, 0.7158, 0.8664, 2.455, 0.9556, 2.969, 0.8087, 1.191, 0.6902, 1.51]"
8,NGF,ENSG00000134259.3,Brain_Amygdala,60-69,male,"[0.5997, 0.05694, 0.5981, 0.7548, 1.036, 0.705, 0.4418, 1.244, 1.779, 2.079, 2.01, 0.6936, 1.064, 1.773, 0.2355, 0.5926, 1.256, 0.7875, 1.153, 1.522, 1.942, 2.313, 3.456, 1.112, 0.426, 1.303, 0.8135, 1.717, 2.181, 1.778, 0.9055, 1.356, 1.34, 0.3062, 1.362, 1.234, 0.7288, 1.83, 1.497, 0.3056, 0.2922, 1.052, 2.024, 1.284, 1.235, 1.266, 0.8798, 1.266, 0.5092, 1.044, 1.044, 1.283, 0.5534, 0.5004]"
9,NGF,ENSG00000134259.3,Brain_Amygdala,60-69,female,"[1.143, 1.044, 1.044, 2.365, 1.454, 0.9292, 1.914, 1.922, 0.3191, 1.031, 1.06, 1.184, 0.8155, 0.09456, 2.787, 0.4272, 1.164, 1.28, 0.7409, 2.153, 0.4392, 0.9637, 25.45, 1.54]"
10,NGF,ENSG00000134259.3,Brain_Amygdala,70-79,male,"[1.925, 3.305, 0.6297, 0.3775, 1.09, 0.5818, 0.8375, 0.6522]"
11,NGF,ENSG00000134259.3,Brain_Amygdala,70-79,female,"[0.8424, 2.076, 1.925]"
