,gene,gencodeId,tissue,age,gender,TPMs
0,NGF,ENSG00000134259.3,Brain_Substantia_nigra,20-29,male,"[0.304, 1.24, 2.133]"
1,NGF,ENSG00000134259.3,Brain_Substantia_nigra,20-29,female,"[2.209, 0.2806]"
2,NGF,ENSG00000134259.3,Brain_Substantia_nigra,30-39,male,"[1.323, 0.729]"
3,NGF,ENSG00000134259.3,Brain_Substantia_nigra,30-39,female,"[0.5411, 1.651]"
4,NGF,ENSG00000134259.3,Brain_Substantia_nigra,40-49,male,"[0.2513, 0.6751, 1.153, 0.8612, 0.2611, 1.436, 0.4324, 0.7918, 1.073]"
5,NGF,ENSG00000134259.3,Brain_Substantia_nigra,40-49,female,"[0.5523, 0.6289, 0.5605, 1.1, 3.846]"
6,NGF,ENSG00000134259.3,Brain_Substantia_nigra,50-59,male,"[2.013, 0.3534, 0.7936, 1.367, 0.3271, 0.7433, 0.6089, 1.067, 0.358, 0.5954, 0.302, 0.4522, 0.138, 0.539, 0.09978, 0.45, 0.1758, 0.07369, 1.473, 0.1292, 0.7999, 1.724, 1.256, 3.534]"
7,NGF,ENSG00000134259.3,Brain_Substantia_nigra,50-59,female,"[0.5066, 1.18, 0.5762, 0.1206, 0.7837, 2.435, 0.1813, 0.8488, 1.074, 2.883, 0.6951]"
8,NGF,ENSG00000134259.3,Brain_Substantia_nigra,60-69,male,"[0.3721, 0.3423, 2.647, 0.1153, 0.6204, 3.161, 1.029, 0.5292, 0.3302, 0.3521, 0.6223, 1.85, 1.128, 0.5277, 0.4016, 0.8258, 0.4773, 0.7549, 0.9533, 1.126, 0.08705, 0.4868, 1.311, 0.4006, 0.2149, 0.3943, 0.248, 0.2472, 0.6488, 0.5151, 0.7828, 0.3529, 0.3387, 0.9894, 0.3263, 0.9711, 0.2933, 0.03716, 0.4468, 0.0916, 0.3119, 0.1228, 0.5983, 0.3673, 0.9375, 0.4208, 1.134, 0.2353, 0.1881, 1.169, 0.5889, 0.495, 0.3517, 0.3717, 0.8138, 3.817, 0.1401, 0.3897, 0.7597]"
9,NGF,ENSG00000134259.3,Brain_Substantia_nigra,60-69,female,"[0.2651, 0.6396, 0.9326, 0.05095, 0.9452, 0.5019, 0.6613, 0.7304, 1.465, 0.6873, 0.3291, 0.3815, 0.7463, 0.5325, 0.9146, 0.155, 0.3344]"
10,NGF,ENSG00000134259.3,Brain_Substantia_nigra,70-79,male,"[0.8605, 0.2972, 0.4129, 0.03104]"
11,NGF,ENSG00000134259.3,Brain_Substantia_nigra,70-79,female,[0.3936]
