,gene,gencodeId,tissue,age,gender,TPMs
0,NGF,ENSG00000134259.3,Brain_Spinal_cord_cervical_c-1,20-29,male,"[0.4848, 0.7964, 5.167]"
1,NGF,ENSG00000134259.3,Brain_Spinal_cord_cervical_c-1,20-29,female,[0.3762]
2,NGF,ENSG00000134259.3,Brain_Spinal_cord_cervical_c-1,30-39,male,[0.8649]
3,NGF,ENSG00000134259.3,Brain_Spinal_cord_cervical_c-1,30-39,female,[1.005]
4,NGF,ENSG00000134259.3,Brain_Spinal_cord_cervical_c-1,40-49,male,"[0.5301, 0.5503, 0.3551, 1.235, 0.3938, 2.18, 0.9647]"
5,NGF,ENSG00000134259.3,Brain_Spinal_cord_cervical_c-1,40-49,female,"[0.245, 1.609, 0.2237, 0.4217, 0.3127, 0.7436, 1.587, 0.1695, 1.233]"
6,NGF,ENSG00000134259.3,Brain_Spinal_cord_cervical_c-1,50-59,male,"[0.8711, 1.674, 1.115, 1.167, 0.3652, 0.9066, 1.95, 0.9346, 0.6811, 0.4344, 0.6143, 1.348, 0.7647, 0.5921, 1.663, 2.532, 1.148, 0.4378, 1.979, 0.9288, 0.9209, 0.5357, 0.5689, 0.5997, 0.1026, 0.738, 0.06523, 2.182, 1.062, 0.1544, 0.5048]"
7,NGF,ENSG00000134259.3,Brain_Spinal_cord_cervical_c-1,50-59,female,"[0.06728, 0.6552, 0.62, 1.323, 1.142, 0.2865, 0.7865, 1.069, 0.5734, 0.7804, 1.665, 2.552, 0.4469, 0.3693, 0.1495, 0.6828]"
8,NGF,ENSG00000134259.3,Brain_Spinal_cord_cervical_c-1,60-69,male,"[0.1734, 0.2568, 0.8852, 0.1622, 7.318, 0.3495, 0.4171, 9.799, 0.8349, 1.473, 0.2899, 0.6705, 0.2447, 5.838, 0.3966, 1.742, 1.074, 0.5333, 0.2895, 0.1587, 1.261, 1.066, 0.2909, 0.663, 0.1369, 0.2618, 0.2922, 0.609, 0.1826, 0.5402, 0.3401, 0.4615, 0.04027, 0.2281, 0.7101, 0.5309, 0.1905, 5.749, 0.9218, 0.2196, 2.633, 0.4229, 1.229, 0.5475, 0.4975, 0.4024, 1.695, 0.7984, 3.046, 0.5971]"
9,NGF,ENSG00000134259.3,Brain_Spinal_cord_cervical_c-1,60-69,female,"[0.4561, 0.7859, 0.1499, 0.3946, 1.33, 0.5435, 0.4035, 0.1809, 1.352, 0.8238, 0.8911, 0.8218, 0.6121, 1.671, 0.9492, 0.3047, 0.3847, 0.6068, 4.759, 0.3924, 0.7089, 1.644, 0.1758, 0.5194, 0.5054, 0.0, 1.499, 0.9532]"
10,NGF,ENSG00000134259.3,Brain_Spinal_cord_cervical_c-1,70-79,male,"[0.8258, 0.3084, 0.2849, 0.2433, 0.4765, 0.7917, 0.1922, 0.232, 0.9495, 0.5321]"
11,NGF,ENSG00000134259.3,Brain_Spinal_cord_cervical_c-1,70-79,female,"[1.854, 0.272]"
