,gene,gencodeId,tissue,age,gender,TPMs
0,EGF,ENSG00000138798.11,Brain_Substantia_nigra,20-29,male,"[0.09935, 0.1855, 0.4953]"
1,EGF,ENSG00000138798.11,Brain_Substantia_nigra,20-29,female,"[0.5149, 0.2109]"
2,EGF,ENSG00000138798.11,Brain_Substantia_nigra,30-39,male,"[0.4894, 0.1598]"
3,EGF,ENSG00000138798.11,Brain_Substantia_nigra,30-39,female,"[0.06752, 0.723]"
4,EGF,ENSG00000138798.11,Brain_Substantia_nigra,40-49,male,"[0.5235, 0.416, 0.8533, 0.19, 0.4181, 0.4741, 0.284, 0.5511, 0.6676]"
5,EGF,ENSG00000138798.11,Brain_Substantia_nigra,40-49,female,"[0.5053, 0.3505, 0.07326, 0.5654, 0.2742]"
6,EGF,ENSG00000138798.11,Brain_Substantia_nigra,50-59,male,"[1.006, 0.06928, 0.1929, 0.276, 0.9161, 0.5713, 0.4457, 0.3363, 1.679, 0.1167, 0.4014, 0.182, 0.09924, 0.5284, 0.02934, 0.605, 0.1379, 0.6574, 0.1313, 0.5953, 0.3764, 0.4968, 0.8658, 1.241]"
7,EGF,ENSG00000138798.11,Brain_Substantia_nigra,50-59,female,"[0.618, 0.8341, 0.4393, 0.2364, 0.4405, 0.2484, 0.2725, 0.09742, 0.8353, 0.8582, 0.413]"
8,EGF,ENSG00000138798.11,Brain_Substantia_nigra,60-69,male,"[0.4714, 0.2839, 0.3069, 0.1921, 0.09847, 1.168, 0.5331, 0.1038, 0.1038, 0.239, 0.3797, 0.3477, 1.223, 0.4317, 0.1505, 0.9252, 0.1766, 0.1989, 0.2664, 0.2066, 0.9469, 0.2389, 1.05, 0.2718, 0.6284, 0.1264, 0.5709, 0.3612, 0.1615, 0.3914, 0.5162, 0.2952, 0.2952, 0.2941, 0.996, 0.4507, 0.08531, 0.3436, 0.4512, 0.02914, 0.4842, 0.5298, 0.6246, 0.8906, 0.4241, 0.1554, 0.6767, 0.165, 0.2779, 0.1091, 0.7006, 0.2952, 0.2952, 0.1263, 0.6353, 0.1983, 0.3716, 0.3677, 0.2331, 0.06594, 0.05349, 0.01192]"
9,EGF,ENSG00000138798.11,Brain_Substantia_nigra,60-69,female,"[0.04725, 0.8957, 0.3165, 0.06992, 0.2677, 0.3874, 0.573, 0.9694, 0.6007, 0.2021, 0.08295, 0.1122, 0.7654, 0.3803, 0.1038, 0.1038, 0.2659, 0.1147]"
10,EGF,ENSG00000138798.11,Brain_Substantia_nigra,70-79,male,"[0.2233, 0.6265, 0.5741, 0.8155]"
11,EGF,ENSG00000138798.11,Brain_Substantia_nigra,70-79,female,[0.2444]
