,gene,gencodeId,tissue,age,gender,TPMs
0,EGF,ENSG00000138798.11,Brain_Amygdala,20-29,male,"[0.5358, 0.2549, 0.402]"
1,EGF,ENSG00000138798.11,Brain_Amygdala,20-29,female,"[0.1993, 0.2956]"
2,EGF,ENSG00000138798.11,Brain_Amygdala,30-39,male,"[0.23, 0.1299]"
3,EGF,ENSG00000138798.11,Brain_Amygdala,30-39,female,"[0.1791, 0.621]"
4,EGF,ENSG00000138798.11,Brain_Amygdala,40-49,male,"[0.4825, 0.1807, 0.2582, 0.6742, 0.8356, 0.1146, 0.7456, 0.4392]"
5,EGF,ENSG00000138798.11,Brain_Amygdala,40-49,female,"[0.227, 0.09625, 0.3562, 0.9042, 0.3249]"
6,EGF,ENSG00000138798.11,Brain_Amygdala,50-59,male,"[0.1116, 0.6458, 0.4394, 0.1187, 0.2311, 0.3371, 0.3268, 0.1953, 0.01394, 0.04867, 0.1127, 0.1102, 0.09887, 0.2888, 0.03942, 0.5648, 0.1104, 0.8789, 0.1634, 0.1193, 0.1377, 0.2053, 0.2402, 0.07261, 0.3464, 0.6025, 0.045, 0.2846, 0.1663, 0.1665, 0.1546, 0.5389, 0.609, 0.4965]"
7,EGF,ENSG00000138798.11,Brain_Amygdala,50-59,female,"[0.1293, 0.3127, 0.7955, 0.1338, 0.1335, 0.5021, 0.05941, 0.5024, 0.1545, 0.2836, 0.5921]"
8,EGF,ENSG00000138798.11,Brain_Amygdala,60-69,male,"[0.6146, 0.1507, 0.1417, 0.05103, 0.1846, 0.9729, 0.17, 0.05081, 0.3177, 1.595, 0.2627, 0.4307, 0.4866, 0.4431, 0.15, 0.438, 0.3128, 0.08965, 0.3783, 0.9907, 0.1869, 1.01, 0.214, 1.184, 0.1671, 0.1916, 0.1684, 1.755, 0.5003, 0.2357, 0.05758, 1.175, 0.1981, 0.06004, 0.5149, 0.6974, 0.08428, 0.2104, 0.6546, 0.1383, 0.06684, 0.1179, 0.4092, 0.2237, 0.3542, 0.2151, 0.7245, 0.2862, 0.1087, 0.3096, 0.02713, 0.09449]"
9,EGF,ENSG00000138798.11,Brain_Amygdala,60-69,female,"[1.375, 0.5344, 0.6602, 0.2231, 0.2778, 0.2874, 0.36, 0.07821, 0.3444, 0.1464, 0.6889, 0.00941, 0.3677, 0.4395, 0.1582, 0.4498, 0.1737, 0.05352, 1.109, 0.2522, 0.2677, 1.501, 0.5196]"
10,EGF,ENSG00000138798.11,Brain_Amygdala,70-79,male,"[0.2192, 0.4518, 0.1531, 0.5383, 0.2332, 0.01233, 0.298, 1.05]"
11,EGF,ENSG00000138798.11,Brain_Amygdala,70-79,female,"[0.2931, 0.0333]"
