,gene,gencodeId,tissue,age,gender,TPMs
0,IL6,ENSG00000136244.11,Brain_Anterior_cingulate_cortex_BA24,20-29,male,[10.95]
1,IL6,ENSG00000136244.11,Brain_Anterior_cingulate_cortex_BA24,20-29,female,"[0.2726, 0.1238, 0.1706]"
2,IL6,ENSG00000136244.11,Brain_Anterior_cingulate_cortex_BA24,30-39,male,"[0.5155, 0.5269, 24.45]"
3,IL6,ENSG00000136244.11,Brain_Anterior_cingulate_cortex_BA24,30-39,female,[0.4455]
4,IL6,ENSG00000136244.11,Brain_Anterior_cingulate_cortex_BA24,40-49,male,"[1.903, 1.87, 0.1487, 4.131, 0.2981, 0.07247, 0.7684, 0.1133, 0.0, 6.027, 1.961, 0.3521, 0.056, 1.87, 1.867, 0.4579, 0.1466, 0.2079, 0.2782]"
5,IL6,ENSG00000136244.11,Brain_Anterior_cingulate_cortex_BA24,40-49,female,"[0.314, 0.4195, 0.0, 4.351, 2.315, 0.07068, 0.3548]"
6,IL6,ENSG00000136244.11,Brain_Anterior_cingulate_cortex_BA24,50-59,male,"[1.026, 4.869, 0.2273, 0.2467, 0.2787, 0.3731, 5.721, 1.87, 0.09691, 0.1898, 0.4239, 25.54, 0.4267, 0.8761, 0.03267, 0.5253, 0.2377, 0.1436, 0.1052, 3.672, 0.1596, 1.323, 0.4134, 1.39, 0.8158, 1.3, 0.1377, 0.189, 2.053, 1.87, 0.1213, 3.58, 0.0648]"
7,IL6,ENSG00000136244.11,Brain_Anterior_cingulate_cortex_BA24,50-59,female,"[0.3198, 0.5405, 0.2117, 0.4918, 2.555, 0.1179, 2.459, 1.224, 1.39, 0.04058]"
8,IL6,ENSG00000136244.11,Brain_Anterior_cingulate_cortex_BA24,60-69,male,"[0.1949, 0.2524, 0.08241, 0.5451, 3.366, 0.08039, 0.4418, 2.723, 7.204, 2.386, 1.075, 0.717, 5.121, 1.494, 0.5721, 1.188, 3.219, 0.5169, 0.0368, 0.07465, 0.589, 2.967, 2.434, 1.39, 0.2595, 2.238, 0.2676, 1.365, 2.092, 0.4735, 2.822, 0.7776, 0.4007, 0.0, 27.76, 1.886, 0.1072, 1.454, 0.06787, 1.233, 0.05792, 0.6553, 0.2289, 0.5904, 0.1506, 0.1233, 0.3411, 0.4452, 0.2966, 3.98, 0.2744, 0.1203, 0.6413, 0.5553, 0.2734, 0.7089, 1.091, 2.409, 2.033, 0.9749, 0.05816, 0.162, 0.3526, 2.415, 0.9008]"
9,IL6,ENSG00000136244.11,Brain_Anterior_cingulate_cortex_BA24,60-69,female,"[1.219, 0.5248, 0.5599, 0.06578, 0.442, 0.1958, 0.586, 0.2854, 0.93, 3.791, 4.805, 0.2816, 1.054, 0.7178, 0.0, 2.661, 1.736, 0.1678, 2.638, 7.891, 0.4314, 0.9153, 1.39, 1.127, 55.9, 0.6478, 0.08183]"
10,IL6,ENSG00000136244.11,Brain_Anterior_cingulate_cortex_BA24,70-79,male,"[5.356, 1.258, 3.6, 1.847, 1.839, 0.1832, 0.9384, 0.4266, 0.3623, 0.1402, 0.2633]"
11,IL6,ENSG00000136244.11,Brain_Anterior_cingulate_cortex_BA24,70-79,female,"[1.673, 0.4806]"
