,gene,gencodeId,tissue,age,gender,TPMs
0,IL6,ENSG00000136244.11,Brain_Substantia_nigra,20-29,male,"[0.9694, 7.119, 21.39]"
1,IL6,ENSG00000136244.11,Brain_Substantia_nigra,20-29,female,"[0.4752, 0.4949]"
2,IL6,ENSG00000136244.11,Brain_Substantia_nigra,30-39,male,"[0.6253, 65.26]"
3,IL6,ENSG00000136244.11,Brain_Substantia_nigra,30-39,female,"[0.4406, 0.6262]"
4,IL6,ENSG00000136244.11,Brain_Substantia_nigra,40-49,male,"[0.9974, 0.5758, 3.685, 0.7888, 16.31, 1.374, 0.5281, 0.8381, 0.4937]"
5,IL6,ENSG00000136244.11,Brain_Substantia_nigra,40-49,female,"[0.637, 0.2964, 18.63, 0.07261, 13.42]"
6,IL6,ENSG00000136244.11,Brain_Substantia_nigra,50-59,male,"[1.549, 0.0, 1.292, 1.375, 0.5896, 0.8714, 0.7271, 5.773, 0.3139, 1.433, 1.433, 42.6, 0.8719, 0.5058, 0.8545, 0.7311, 2.931, 0.4472, 0.08999, 5.535, 0.3024, 0.2605, 0.4466, 9.895, 0.09282]"
7,IL6,ENSG00000136244.11,Brain_Substantia_nigra,50-59,female,"[1.008, 39.2, 1.433, 1.433, 0.1227, 0.2552, 1.95, 1.935, 18.0, 3.863, 0.565, 2.332]"
8,IL6,ENSG00000136244.11,Brain_Substantia_nigra,60-69,male,"[0.4893, 0.3001, 58.04, 1.126, 0.7937, 0.4732, 0.4786, 9.544, 0.6824, 0.602, 0.5067, 1.457, 3.344, 0.7681, 0.7084, 1.222, 10.15, 0.1844, 0.2043, 1.005, 0.3071, 0.09908, 2.959, 4.965, 0.7874, 0.1975, 1.067, 0.3354, 0.8533, 0.4194, 1.291, 0.9338, 0.3509, 3.814, 1.151, 5.033, 0.5143, 4.402, 0.4404, 0.7085, 0.3264, 0.6164, 0.2623, 0.5037, 0.06938, 0.5568, 0.6594, 1.167, 1.799, 8.855, 0.2098, 0.4763, 1.79, 2.179, 5.272, 0.5094, 0.3195, 12.56, 4.998]"
9,IL6,ENSG00000136244.11,Brain_Substantia_nigra,60-69,female,"[0.412, 5.753, 2.249, 0.7881, 0.6669, 0.6384, 2.24, 14.02, 3.297, 1.809, 0.5741, 8.541, 1.262, 2.168, 4.801, 4.275, 1.6]"
10,IL6,ENSG00000136244.11,Brain_Substantia_nigra,70-79,male,"[12.86, 1.21, 26.5, 0.2274]"
11,IL6,ENSG00000136244.11,Brain_Substantia_nigra,70-79,female,[0.988]
