,gene,gencodeId,tissue,age,gender,TPMs
0,IL6,ENSG00000136244.11,Brain_Hypothalamus,20-29,male,"[0.3399, 5.085, 17.08]"
1,IL6,ENSG00000136244.11,Brain_Hypothalamus,20-29,female,[0.5978]
2,IL6,ENSG00000136244.11,Brain_Hypothalamus,30-39,male,"[0.07326, 2.653, 0.3553]"
3,IL6,ENSG00000136244.11,Brain_Hypothalamus,30-39,female,"[0.2091, 0.0, 0.0]"
4,IL6,ENSG00000136244.11,Brain_Hypothalamus,40-49,male,"[0.241, 0.4203, 0.6528, 8.563, 1.22, 0.4817, 1.015, 3.497, 1.006, 0.5353, 0.5964, 0.3602]"
5,IL6,ENSG00000136244.11,Brain_Hypothalamus,40-49,female,"[0.1631, 23.43, 5.101, 0.0, 0.0, 1.015]"
6,IL6,ENSG00000136244.11,Brain_Hypothalamus,50-59,male,"[3.694, 1.842, 1.698, 11.16, 0.2061, 0.2028, 9.023, 8.558, 0.1079, 0.5021, 0.4427, 0.02289, 1.256, 0.3633, 0.4328, 0.09634, 1.74, 0.05922, 2.458, 1.563, 4.337, 4.921, 1.769, 0.9441, 0.09876, 51.45, 0.1877, 1.978, 1.692, 0.01705, 0.604, 1.794, 0.2713, 0.5471, 0.07699, 0.5362, 3.748, 4.668, 0.3202, 0.1418, 1.05, 1.231, 5.699, 1.951, 0.2643]"
7,IL6,ENSG00000136244.11,Brain_Hypothalamus,50-59,female,"[0.9801, 0.1421, 26.95, 1.028, 1.41, 19.22, 1.303, 0.05096, 4.166, 2.981, 6.174, 0.9244, 0.2228, 1.581, 6.462]"
8,IL6,ENSG00000136244.11,Brain_Hypothalamus,60-69,male,"[0.3656, 0.1667, 0.3265, 0.2179, 1.442, 0.3019, 1.225, 0.09948, 0.5927, 0.3425, 1.053, 0.3692, 0.1671, 7.845, 2.593, 3.479, 8.087, 4.025, 0.449, 0.3644, 1.734, 8.836, 1.259, 0.1025, 0.2642, 0.8454, 0.1304, 0.07614, 0.1284, 2.969, 0.342, 0.4217, 4.615, 1.736, 0.2345, 0.2322, 0.4602, 0.04668, 0.6383, 0.7253, 0.2602, 2.612, 0.4713, 21.32, 2.912, 0.1746, 1.558, 0.1726, 0.4661, 39.64, 70.77, 0.5387, 3.109, 0.385, 1.732, 0.5384, 0.3156, 1.36, 0.2304, 0.5221, 0.08664, 1.015, 2.124, 0.1212, 0.2697, 1.462, 0.9252, 0.4458, 52.11, 4.593, 3.994, 0.1031, 0.4953, 1.694, 0.753, 0.2209]"
9,IL6,ENSG00000136244.11,Brain_Hypothalamus,60-69,female,"[0.9821, 5.923, 7.006, 1.002, 0.7498, 0.1983, 0.5365, 0.2079, 0.6953, 2.902, 16.68, 3.365, 2.983, 0.6459, 0.8497, 1.66, 2.061, 0.796, 2.533, 0.9889, 1.234, 6.656, 1.476, 0.2737, 1.28, 0.5797, 52.72, 1.015, 0.4508, 0.1889]"
10,IL6,ENSG00000136244.11,Brain_Hypothalamus,70-79,male,"[1.084, 5.676, 1.545, 0.5788, 0.5734, 0.4479, 35.11, 0.5971, 1.311]"
11,IL6,ENSG00000136244.11,Brain_Hypothalamus,70-79,female,"[0.8028, 1.452, 3.356]"
