,gene,gencodeId,tissue,age,gender,TPMs
0,BRCA2,ENSG00000139618.14,Brain_Spinal_cord_cervical_c-1,20-29,male,"[0.07954, 0.01711, 0.2496]"
1,BRCA2,ENSG00000139618.14,Brain_Spinal_cord_cervical_c-1,20-29,female,[0.1243]
2,BRCA2,ENSG00000139618.14,Brain_Spinal_cord_cervical_c-1,30-39,male,[0.1203]
3,BRCA2,ENSG00000139618.14,Brain_Spinal_cord_cervical_c-1,30-39,female,[0.1187]
4,BRCA2,ENSG00000139618.14,Brain_Spinal_cord_cervical_c-1,40-49,male,"[0.04555, 0.1032, 0.05231, 0.03538, 0.0423, 0.3747, 0.173]"
5,BRCA2,ENSG00000139618.14,Brain_Spinal_cord_cervical_c-1,40-49,female,"[0.07632, 0.1383, 0.08972, 0.02847, 0.08061, 0.04792, 0.2257, 0.02621, 0.1448]"
6,BRCA2,ENSG00000139618.14,Brain_Spinal_cord_cervical_c-1,50-59,male,"[0.08002, 0.1465, 0.04583, 0.07966, 0.07847, 0.0779, 0.1625, 0.01147, 0.09241, 0.1013, 0.1131, 0.1158, 0.05476, 0.1094, 0.1093, 0.1088, 0.6651, 0.2338, 0.0756, 0.06301, 0.05756, 0.1841, 0.07682, 0.05856, 0.02204, 0.03964, 0.05606, 0.09375, 0.06162, 0.06192, 0.1258]"
7,BRCA2,ENSG00000139618.14,Brain_Spinal_cord_cervical_c-1,50-59,female,"[0.04336, 0.1177, 0.06851, 0.1408, 0.08891, 0.02154, 0.09715, 0.1237, 0.1417, 0.09314, 0.08046, 0.2304, 0.0768, 0.01234, 0.0, 0.0677]"
8,BRCA2,ENSG00000139618.14,Brain_Spinal_cord_cervical_c-1,60-69,male,"[0.07151, 0.1048, 0.04346, 0.115, 0.09845, 0.07208, 0.06372, 0.4001, 0.2063, 0.1724, 0.09549, 0.1276, 0.1297, 0.4508, 0.142, 0.2352, 0.1422, 0.1637, 0.1119, 0.03312, 0.1083, 0.09618, 0.07498, 0.0322, 0.1205, 0.03808, 0.03138, 0.1298, 0.04969, 0.0666, 0.07063, 0.07016, 0.01211, 0.07187, 0.03606, 0.1238, 0.0191, 0.1254, 0.1116, 0.03774, 0.06934, 0.04725, 0.07545, 0.09409, 0.1473, 0.04034, 0.2289, 0.1475, 0.1108, 0.1236]"
9,BRCA2,ENSG00000139618.14,Brain_Spinal_cord_cervical_c-1,60-69,female,"[0.06614, 0.0394, 0.06442, 0.1144, 0.1378, 0.08465, 0.04623, 0.08745, 0.2646, 0.1972, 0.06381, 0.1454, 0.06904, 0.1871, 0.02719, 0.02793, 0.01446, 0.05562, 0.1428, 0.1012, 0.2132, 0.2767, 0.06608, 0.2556, 0.2497, 0.1312, 0.1111, 0.1065]"
10,BRCA2,ENSG00000139618.14,Brain_Spinal_cord_cervical_c-1,70-79,male,"[0.22, 0.1231, 0.04897, 0.09062, 0.1331, 0.07289, 0.04038, 0.1961, 0.1605, 0.05917]"
11,BRCA2,ENSG00000139618.14,Brain_Spinal_cord_cervical_c-1,70-79,female,"[0.2103, 0.05844]"
