,gene,gencodeId,tissue,age,gender,TPMs
0,PCK1,ENSG00000124253.10,Brain_Hippocampus,20-29,male,"[0.08787, 0.1914, 0.3777, 0.2074]"
1,PCK1,ENSG00000124253.10,Brain_Hippocampus,20-29,female,[0.06865]
2,PCK1,ENSG00000124253.10,Brain_Hippocampus,30-39,male,"[0.2341, 0.0264, 0.0]"
3,PCK1,ENSG00000124253.10,Brain_Hippocampus,30-39,female,"[0.4397, 0.2732]"
4,PCK1,ENSG00000124253.10,Brain_Hippocampus,40-49,male,"[0.1057, 0.05947, 0.548, 0.0779, 1.011, 0.08122, 5.723, 2.96, 2.96, 1.029, 0.5777, 0.2033, 0.248, 0.26]"
5,PCK1,ENSG00000124253.10,Brain_Hippocampus,40-49,female,"[0.2405, 0.09324, 0.2152, 3.269, 0.3285, 1.209, 0.2233, 0.2278]"
6,PCK1,ENSG00000124253.10,Brain_Hippocampus,50-59,male,"[0.245, 0.12, 0.7071, 0.2148, 0.1089, 0.07634, 0.1365, 0.06152, 3.204, 3.264, 0.03252, 0.5128, 0.2946, 0.05511, 2.419, 0.4731, 2.25, 0.2723, 3.024, 0.3921, 0.4372, 0.8846, 0.4386, 0.2904, 0.02202, 0.155, 0.8219, 0.3416, 0.1381, 1.394, 0.7047, 0.836, 0.2181, 1.404, 0.6719, 1.061, 0.6163]"
7,PCK1,ENSG00000124253.10,Brain_Hippocampus,50-59,female,"[0.2353, 0.2038, 0.3258, 6.835, 3.24, 1.694, 0.5157, 0.3066, 1.444, 0.1068, 0.8672, 0.4379, 0.3437, 1.505, 0.1094]"
8,PCK1,ENSG00000124253.10,Brain_Hippocampus,60-69,male,"[1.442, 0.8696, 0.4098, 0.9304, 0.3006, 0.4854, 0.5849, 0.454, 4.472, 0.2167, 1.785, 0.2887, 0.3267, 1.411, 0.267, 1.867, 0.5451, 13.42, 0.9278, 1.621, 2.562, 0.3736, 0.974, 1.138, 0.1507, 0.2888, 0.5304, 0.0851, 0.326, 0.4389, 0.9982, 2.368, 0.9678, 0.3398, 0.3708, 0.24, 0.4106, 0.3365, 0.2962, 0.6943, 0.2529, 0.2174, 0.1579, 3.482, 1.478, 0.823, 0.1531, 1.712, 0.3375, 0.4478, 0.02592, 0.09544, 0.1391, 0.167, 0.3373, 0.1232, 0.3804, 0.5637, 0.06659, 2.96, 0.2751, 0.7361, 0.1622, 0.1439, 0.7833, 2.599, 0.3221, 2.683, 0.1367, 0.2575, 2.96, 1.194, 1.2, 6.892, 0.05352, 0.08511, 1.32, 0.3851]"
9,PCK1,ENSG00000124253.10,Brain_Hippocampus,60-69,female,"[0.2365, 1.441, 0.4783, 0.2132, 0.2396, 1.149, 2.874, 1.642, 2.476, 4.152, 0.1398, 0.3199, 1.66, 0.2665, 0.9076, 0.7175, 2.074, 0.4395, 2.3, 2.041, 0.5912, 8.432, 0.2099]"
10,PCK1,ENSG00000124253.10,Brain_Hippocampus,70-79,male,"[0.04155, 2.734, 1.136, 0.3117, 0.4442, 0.6795, 0.2195, 0.1653, 4.177]"
11,PCK1,ENSG00000124253.10,Brain_Hippocampus,70-79,female,"[0.08112, 0.1697, 1.845, 0.2219, 2.097]"
