,gene,gencodeId,tissue,age,gender,TPMs
0,PCK1,ENSG00000124253.10,Brain_Putamen_basal_ganglia,20-29,male,"[0.1074, 0.1782, 0.4888, 0.3635]"
1,PCK1,ENSG00000124253.10,Brain_Putamen_basal_ganglia,20-29,female,[1.076]
2,PCK1,ENSG00000124253.10,Brain_Putamen_basal_ganglia,30-39,male,"[0.8417, 0.1987, 0.06461]"
3,PCK1,ENSG00000124253.10,Brain_Putamen_basal_ganglia,30-39,female,"[1.294, 0.1932]"
4,PCK1,ENSG00000124253.10,Brain_Putamen_basal_ganglia,40-49,male,"[0.5972, 0.4354, 1.12, 3.414, 0.3806, 0.6978, 0.1976, 0.522, 5.03, 0.2357, 3.363, 0.3569, 0.5878, 0.4027]"
5,PCK1,ENSG00000124253.10,Brain_Putamen_basal_ganglia,40-49,female,"[0.5041, 3.265, 1.12, 3.544, 0.2344, 0.1924]"
6,PCK1,ENSG00000124253.10,Brain_Putamen_basal_ganglia,50-59,male,"[0.393, 1.014, 3.352, 0.2308, 1.049, 0.159, 0.1345, 0.694, 0.3345, 0.3345, 2.839, 0.4165, 0.2203, 0.3345, 0.3345, 0.5864, 7.906, 0.1722, 1.609, 0.2104, 0.833, 0.2997, 0.3471, 0.1801, 1.526, 0.4159, 0.3405, 1.107, 1.629, 1.805, 2.828, 2.135, 0.4304, 0.5624, 1.421, 0.3632, 0.6647, 0.1925, 2.261, 0.482, 5.939, 3.094, 0.482, 0.5025, 0.3308, 0.3647, 0.4689, 0.6996, 0.05375, 0.2444, 1.107, 0.7899, 0.5057, 3.165, 1.589, 1.788, 0.1386]"
7,PCK1,ENSG00000124253.10,Brain_Putamen_basal_ganglia,50-59,female,"[0.6674, 0.7123, 0.6126, 14.46, 2.781, 0.9281, 0.6098, 2.179, 0.2571, 0.4171, 0.4427, 0.8587, 0.1276, 0.2901]"
8,PCK1,ENSG00000124253.10,Brain_Putamen_basal_ganglia,60-69,male,"[0.2572, 0.525, 0.08796, 0.438, 0.8822, 0.4405, 0.2121, 1.266, 1.862, 0.8988, 1.451, 0.1032, 0.3838, 0.04098, 0.3339, 1.477, 0.1809, 0.4777, 0.9359, 1.73, 1.275, 1.291, 2.498, 0.2822, 0.03711, 0.223, 0.6019, 0.5593, 1.12, 0.3913, 0.2681, 1.107, 0.8947, 0.2686, 1.194, 1.068, 0.4009, 1.04, 0.2685, 1.441, 0.8701, 10.48, 0.4439, 3.405, 0.7014, 1.094, 0.482, 1.123, 0.0, 0.3234, 0.2433, 0.179, 1.994, 0.2396, 0.2467, 0.482, 1.364, 0.4296, 0.4112, 0.5851, 0.9428, 1.525, 0.6064, 1.506, 0.9325, 0.6253, 0.3689, 0.5633, 1.27, 0.6495, 1.107, 0.7181, 0.1035, 0.1416, 0.3203, 0.8892, 0.4901, 0.1693]"
9,PCK1,ENSG00000124253.10,Brain_Putamen_basal_ganglia,60-69,female,"[1.466, 1.472, 2.176, 1.305, 1.901, 2.715, 1.12, 0.8307, 3.19, 1.743, 3.524, 2.365, 1.191, 0.5219, 0.6241, 1.489, 0.1068, 0.7444, 0.6183, 4.391, 2.109, 0.7597, 1.802, 0.3952, 0.3115]"
10,PCK1,ENSG00000124253.10,Brain_Putamen_basal_ganglia,70-79,male,"[0.05495, 0.07639, 0.1108, 0.6652, 0.02525, 0.4826, 6.279]"
11,PCK1,ENSG00000124253.10,Brain_Putamen_basal_ganglia,70-79,female,"[0.631, 0.2105]"
