,gene,gencodeId,tissue,age,gender,TPMs
0,IGF1,ENSG00000017427.15,Brain_Amygdala,20-29,male,"[0.5324, 0.256, 1.357]"
1,IGF1,ENSG00000017427.15,Brain_Amygdala,20-29,female,"[0.2637, 0.6567]"
2,IGF1,ENSG00000017427.15,Brain_Amygdala,30-39,male,"[1.249, 0.3001]"
3,IGF1,ENSG00000017427.15,Brain_Amygdala,30-39,female,"[0.7181, 0.03415]"
4,IGF1,ENSG00000017427.15,Brain_Amygdala,40-49,male,"[0.1548, 0.7776, 0.3313, 1.002, 0.06147, 0.441, 0.2193, 0.4664]"
5,IGF1,ENSG00000017427.15,Brain_Amygdala,40-49,female,"[0.1665, 0.2471, 0.1272, 0.3458, 0.1614]"
6,IGF1,ENSG00000017427.15,Brain_Amygdala,50-59,male,"[0.2864, 0.5293, 0.199, 0.05079, 0.2118, 0.1947, 0.2735, 0.2256, 0.08052, 0.1339, 0.09643, 0.2121, 0.2317, 0.4088, 0.03794, 0.4952, 0.8504, 0.2493, 0.3431, 0.2021, 0.154, 0.1682, 1.142, 0.1747, 0.6203, 0.115, 0.5445, 0.1906, 0.08426, 0.2289, 0.2728, 0.1766, 0.4396, 0.9558]"
7,IGF1,ENSG00000017427.15,Brain_Amygdala,50-59,female,"[0.08294, 0.4935, 0.4351, 0.2262, 0.3426, 0.1395, 0.03519, 0.1179, 0.2974, 0.4466, 0.2728, 0.4676]"
8,IGF1,ENSG00000017427.15,Brain_Amygdala,60-69,male,"[0.4527, 0.1074, 0.0, 0.0, 0.07859, 0.4264, 0.1637, 0.04941, 0.07825, 0.1439, 0.1231, 0.3218, 0.0748, 0.3621, 0.2099, 0.08888, 0.5162, 0.158, 0.326, 0.7461, 0.6204, 0.02665, 0.4199, 0.6866, 0.4958, 0.1715, 0.4743, 0.2218, 0.1178, 0.9321, 0.2647, 0.0739, 0.5937, 0.2155, 0.03556, 0.3427, 0.2192, 0.1411, 0.3176, 0.3911, 0.07098, 0.03676, 0.1765, 0.6206, 0.2584, 0.3896, 0.2548, 0.186, 0.2728, 0.0, 0.0, 0.07388, 0.03725, 0.2611, 0.02798]"
9,IGF1,ENSG00000017427.15,Brain_Amygdala,60-69,female,"[0.4987, 0.3064, 0.5447, 0.1909, 0.1403, 0.3776, 0.3032, 0.03011, 0.3747, 0.2545, 0.6919, 0.07242, 0.04759, 0.06859, 0.1075, 0.3102, 0.2229, 0.3827, 0.7035, 0.2131, 0.2728, 0.5336, 0.8921]"
10,IGF1,ENSG00000017427.15,Brain_Amygdala,70-79,male,"[0.1406, 0.5951, 0.3042, 0.1425, 0.3741, 0.04748, 0.1171, 0.1555]"
11,IGF1,ENSG00000017427.15,Brain_Amygdala,70-79,female,"[0.2872, 0.01424]"
