,gene,gencodeId,tissue,age,gender,TPMs
0,IGF1,ENSG00000017427.15,Brain_Substantia_nigra,20-29,male,"[1.262, 0.6896, 2.034]"
1,IGF1,ENSG00000017427.15,Brain_Substantia_nigra,20-29,female,"[1.259, 1.262, 1.43]"
2,IGF1,ENSG00000017427.15,Brain_Substantia_nigra,30-39,male,"[0.467, 0.1295]"
3,IGF1,ENSG00000017427.15,Brain_Substantia_nigra,30-39,female,"[0.1857, 0.5977]"
4,IGF1,ENSG00000017427.15,Brain_Substantia_nigra,40-49,male,"[0.8062, 0.7038, 0.9527, 0.4063, 0.0438, 0.07606, 1.012, 0.2989, 0.2465]"
5,IGF1,ENSG00000017427.15,Brain_Substantia_nigra,40-49,female,"[0.2779, 0.4997, 0.07051, 0.4488, 0.4713]"
6,IGF1,ENSG00000017427.15,Brain_Substantia_nigra,50-59,male,"[0.5412, 0.4001, 0.07189, 0.4858, 0.6348, 1.728, 0.6435, 0.8057, 0.291, 0.07816, 0.2027, 0.1617, 0.03473, 0.5782, 0.5782, 0.03766, 0.3073, 0.03317, 0.1112, 0.1011, 0.2804, 0.4227, 0.4733, 0.5505, 0.3873]"
7,IGF1,ENSG00000017427.15,Brain_Substantia_nigra,50-59,female,"[1.296, 0.4048, 1.039, 0.09101, 0.769, 0.2839, 0.1368, 0.5782, 0.5782, 0.6536, 0.3224, 0.3657]"
8,IGF1,ENSG00000017427.15,Brain_Substantia_nigra,60-69,male,"[0.3889, 0.2782, 0.1504, 0.348, 0.3122, 0.6856, 0.8043, 0.1229, 0.07669, 0.4518, 0.5637, 0.2252, 0.1824, 0.07242, 0.4547, 0.0, 0.0, 0.0, 0.4817, 0.1802, 0.2279, 0.1326, 0.8772, 0.1971, 0.7349, 0.1697, 0.9577, 0.1825, 1.099, 0.4546, 0.1244, 1.149, 0.3672, 0.4243, 0.1665, 0.4416, 0.3075, 0.05474, 0.7509, 0.1703, 0.0, 0.0, 0.0, 0.4083, 0.3111, 0.1009, 0.04634, 0.6948, 0.3503, 0.4182, 0.0, 0.0, 0.0, 1.223, 0.323, 0.4614, 0.06786, 0.5279, 1.766, 1.262, 0.0, 0.0, 0.0, 0.2806, 0.2404, 0.1889, 0.07405, 0.02942, 0.09176]"
9,IGF1,ENSG00000017427.15,Brain_Substantia_nigra,60-69,female,"[0.05457, 0.8276, 0.05415, 0.03846, 0.4281, 0.2131, 0.1449, 0.6362, 0.1408, 0.4842, 0.07097, 0.09599, 0.6067, 0.6029, 0.2907, 0.04388, 1.262]"
10,IGF1,ENSG00000017427.15,Brain_Substantia_nigra,70-79,male,"[0.1911, 0.0, 0.255, 0.09372, 0.0, 0.0, 0.0]"
11,IGF1,ENSG00000017427.15,Brain_Substantia_nigra,70-79,female,[0.817]
