,gene,gencodeId,tissue,age,gender,TPMs
0,IGF1,ENSG00000017427.15,Brain_Hippocampus,20-29,male,"[0.45, 0.3422, 0.4503, 1.825]"
1,IGF1,ENSG00000017427.15,Brain_Hippocampus,20-29,female,[0.4536]
2,IGF1,ENSG00000017427.15,Brain_Hippocampus,30-39,male,"[1.196, 0.3511, 0.3051]"
3,IGF1,ENSG00000017427.15,Brain_Hippocampus,30-39,female,"[0.7625, 0.513]"
4,IGF1,ENSG00000017427.15,Brain_Hippocampus,40-49,male,"[0.2519, 0.2925, 0.1047, 0.3657, 0.03882, 0.1695, 0.1535, 0.0481, 0.3917, 0.3552, 0.5138, 0.1941, 0.6511]"
5,IGF1,ENSG00000017427.15,Brain_Hippocampus,40-49,female,"[0.3421, 0.2189, 0.0777, 0.8805, 0.3576, 0.04024, 0.6507, 0.3889]"
6,IGF1,ENSG00000017427.15,Brain_Hippocampus,50-59,male,"[0.2968, 0.222, 0.6036, 0.2967, 0.2343, 0.7536, 0.2564, 0.3301, 0.4424, 0.0, 0.0, 0.0, 0.2544, 0.1764, 0.7448, 0.4744, 0.3119, 0.9099, 0.2465, 0.5795, 0.221, 0.2191, 0.07357, 0.0, 0.0, 0.0, 0.558, 0.1525, 0.3029, 0.6662, 0.0849, 0.4939, 0.5183, 0.317, 0.2353, 0.6097, 0.01896, 0.2275, 0.3505, 0.3334, 0.2667, 0.3572]"
7,IGF1,ENSG00000017427.15,Brain_Hippocampus,50-59,female,"[0.02301, 0.5719, 0.649, 0.4733, 0.3156, 0.0, 0.0, 0.0, 0.2591, 1.266, 0.3825, 0.319, 0.6785, 1.907, 0.7126, 0.3895, 0.0, 0.0, 0.0]"
8,IGF1,ENSG00000017427.15,Brain_Hippocampus,60-69,male,"[0.2891, 0.7233, 0.1629, 0.3819, 0.1711, 0.1554, 0.1615, 0.2537, 0.4885, 0.6315, 0.1085, 0.6024, 0.09089, 0.1472, 1.044, 0.1239, 0.4103, 0.1717, 0.1986, 0.2262, 0.0, 0.1657, 0.05315, 0.364, 0.1469, 0.2642, 0.2617, 1.107, 0.6325, 0.1701, 0.562, 0.1488, 0.2044, 0.2801, 0.4908, 0.3915, 0.08344, 0.6763, 1.005, 0.2649, 0.3343, 0.08117, 0.3499, 0.0, 0.1228, 0.229, 0.4756, 0.1797, 0.4775, 0.3522, 0.198, 0.1217, 0.336, 0.8294, 0.07745, 0.08797, 0.2506, 0.5315, 0.173, 0.1042, 0.7606, 0.05939, 0.3106, 0.1153, 0.1175, 0.3502, 0.4855, 0.8401, 0.1594, 0.7884, 0.2821, 0.9683, 0.9153, 0.3136, 0.201, 0.2243, 0.3592, 0.07304]"
9,IGF1,ENSG00000017427.15,Brain_Hippocampus,60-69,female,"[0.3069, 0.2451, 0.5988, 0.8087, 0.09, 0.4701, 0.2362, 0.08124, 0.548, 0.2937, 0.101, 0.1313, 0.0, 0.1843, 0.1517, 0.664, 0.3743, 0.3134, 0.2413, 0.4984, 0.3905, 0.4236, 0.2146, 0.0, 0.3649]"
10,IGF1,ENSG00000017427.15,Brain_Hippocampus,70-79,male,"[0.3121, 0.6071, 0.04337, 0.5059, 0.309, 0.3806, 0.2216, 0.4577, 0.5606]"
11,IGF1,ENSG00000017427.15,Brain_Hippocampus,70-79,female,"[0.1016, 0.2655, 0.07427, 0.197, 0.1265]"
