,gene,gencodeId,tissue,age,gender,TPMs
0,RET,ENSG00000165731.18,Liver,20-29,male,"[0.1915, 1.428, 0.2382, 0.07076]"
1,RET,ENSG00000165731.18,Liver,20-29,female,"[0.1122, 5.322, 0.2369]"
2,RET,ENSG00000165731.18,Liver,30-39,male,"[1.632, 0.03172, 2.397, 2.651, 2.4, 0.1609, 0.1396, 0.4874, 0.1473, 0.3897, 0.04605, 4.336, 2.861, 0.04253]"
3,RET,ENSG00000165731.18,Liver,30-39,female,"[0.2141, 5.027, 3.415]"
4,RET,ENSG00000165731.18,Liver,40-49,male,"[0.405, 0.291, 0.1286, 2.385, 0.7667, 2.155, 0.289, 0.2878, 2.169, 1.565, 0.402, 0.7955, 0.6489, 0.701, 0.2247, 3.4, 1.38, 0.2345, 2.753, 0.514, 0.7686, 1.187, 0.3425, 3.839]"
5,RET,ENSG00000165731.18,Liver,40-49,female,"[0.7526, 0.1051, 6.64, 4.003, 0.5195, 2.96, 8.085, 1.56, 2.491, 0.1389, 2.07]"
6,RET,ENSG00000165731.18,Liver,50-59,male,"[0.3442, 0.09869, 0.4359, 5.778, 0.06411, 3.428, 0.2838, 4.035, 0.4587, 0.9458, 0.08061, 1.541, 0.4362, 0.3773, 1.064, 1.208, 0.1332, 2.817, 0.7413, 0.2333, 1.638, 1.195, 0.404, 0.8311, 1.274, 0.6378, 0.4068, 1.143, 0.01318, 4.139, 0.2692, 1.742, 2.29, 0.8136, 1.953, 0.5756, 1.982, 1.062, 4.077, 0.06588, 5.485, 1.78, 3.438, 0.2546, 0.5993, 1.421, 0.2358, 0.4422, 7.028, 6.198, 0.3545, 0.1186, 0.9828, 0.5144, 2.028, 0.0252, 0.1933, 1.666, 3.48, 1.17]"
7,RET,ENSG00000165731.18,Liver,50-59,female,"[1.136, 2.551, 0.2228, 0.1091, 2.819, 4.927, 1.685, 0.2338, 0.3631, 2.184, 1.272, 0.2154, 0.4206, 1.863, 0.6421, 3.372, 0.4648, 0.1314, 1.509, 0.3423, 2.506, 0.4862, 3.391]"
8,RET,ENSG00000165731.18,Liver,60-69,male,"[0.08718, 2.327, 0.4774, 0.4254, 3.225, 1.945, 0.207, 0.4582, 0.07469, 5.248, 3.456, 2.364, 3.333, 0.2906, 3.523, 2.053, 2.535, 0.4828, 3.65, 1.903, 0.311, 0.07955, 2.295, 1.755, 3.198, 1.991, 4.452, 1.226, 0.1406, 0.377, 1.175, 0.14, 1.196, 0.0611, 1.306, 0.7612, 1.457, 1.457, 0.2418, 0.5061, 0.4352, 0.2192, 0.8839, 0.8212, 0.2919, 0.1401, 0.2122, 0.7234, 0.7331, 1.592, 0.07009, 2.392, 0.159, 1.128, 2.153, 1.583, 0.8266]"
9,RET,ENSG00000165731.18,Liver,60-69,female,"[0.7143, 1.57, 4.37, 1.308, 1.457, 1.457, 0.1284, 0.8099, 2.544, 2.073, 5.354, 0.5867, 0.6718, 1.285, 0.3339, 1.834, 3.561, 0.1109, 0.326, 2.69, 4.56, 1.247, 2.34, 0.7203]"
10,RET,ENSG00000165731.18,Liver,70-79,male,"[0.5792, 0.1212, 0.03717]"
11,RET,ENSG00000165731.18,Liver,70-79,female,"[1.964, 0.8196]"
