,gene,gencodeId,tissue,age,gender,TPMs
0,RET,ENSG00000165731.18,Brain_Putamen_basal_ganglia,20-29,male,"[0.1785, 0.3468, 0.5668, 0.5058]"
1,RET,ENSG00000165731.18,Brain_Putamen_basal_ganglia,20-29,female,[0.6255]
2,RET,ENSG00000165731.18,Brain_Putamen_basal_ganglia,30-39,male,"[0.5875, 1.031, 0.3353]"
3,RET,ENSG00000165731.18,Brain_Putamen_basal_ganglia,30-39,female,"[0.4826, 1.425]"
4,RET,ENSG00000165731.18,Brain_Putamen_basal_ganglia,40-49,male,"[0.3278, 0.4237, 0.7767, 0.3544, 0.4509, 0.08149, 0.08013, 0.4365, 0.1266, 0.6287, 0.6157, 0.9742, 0.8852, 0.6032]"
5,RET,ENSG00000165731.18,Brain_Putamen_basal_ganglia,40-49,female,"[0.7071, 0.1048, 0.3069, 0.9082, 0.4369]"
6,RET,ENSG00000165731.18,Brain_Putamen_basal_ganglia,50-59,male,"[0.567, 0.4374, 0.4455, 0.6302, 0.6112, 0.8129, 0.2113, 0.4721, 0.3095, 0.5604, 0.4225, 0.9053, 0.8571, 0.1961, 0.5891, 0.2922, 0.8319, 0.885, 0.1898, 0.2734, 0.9664, 1.006, 0.2514, 0.6578, 0.2266, 0.5096, 0.2503, 0.3389, 0.374, 0.3808, 0.1808, 0.1428, 0.04173, 0.6115, 0.9622, 0.1472, 0.2527, 0.2438, 0.09289, 0.4791, 0.2533, 0.4141, 0.5704, 0.3169, 0.1709, 1.049, 0.2536, 0.6636, 0.8577, 0.7609, 0.4114, 0.1166, 1.206]"
7,RET,ENSG00000165731.18,Brain_Putamen_basal_ganglia,50-59,female,"[0.7469, 0.5872, 0.2931, 0.4512, 0.9949, 0.2571, 0.1892, 0.4105, 0.7454, 0.8985, 0.07706, 0.4406, 0.2821, 0.1956]"
8,RET,ENSG00000165731.18,Brain_Putamen_basal_ganglia,60-69,male,"[0.6577, 0.5419, 0.7324, 0.6574, 0.3805, 0.131, 0.1278, 0.2682, 1.02, 0.4445, 0.2893, 0.1309, 0.9395, 0.2792, 0.1791, 0.3149, 0.6372, 0.3447, 0.3592, 0.2347, 0.3302, 1.116, 0.4051, 0.2398, 0.03611, 0.4822, 0.5193, 0.5816, 0.7056, 1.086, 0.1927, 0.28, 0.5519, 0.1937, 0.1937, 0.6234, 0.9254, 0.4203, 0.618, 0.4338, 0.704, 0.107, 0.373, 0.695, 0.1842, 0.2904, 0.3422, 0.4132, 0.1829, 0.1937, 0.1937, 0.4987, 0.5548, 0.1379, 0.5286, 0.5761, 0.5205, 0.3355, 0.4849, 0.8505, 0.7127, 0.3893, 0.5995, 0.2608, 0.4467, 0.2768, 0.6812, 0.1384, 0.807, 0.1699, 0.9172, 0.4663, 0.3, 0.1852, 0.5492, 0.2042, 0.2902]"
9,RET,ENSG00000165731.18,Brain_Putamen_basal_ganglia,60-69,female,"[0.5627, 0.5941, 0.3955, 1.048, 0.4219, 0.2141, 0.2338, 0.4164, 1.038, 0.1011, 0.3906, 0.3081, 0.1015, 0.2222, 1.614, 0.1976, 0.05443, 0.1223, 0.5448, 0.4963, 0.2328, 0.8961, 0.2278, 0.1358, 0.4127]"
10,RET,ENSG00000165731.18,Brain_Putamen_basal_ganglia,70-79,male,"[0.4635, 0.5542, 0.2081, 0.09219, 0.475, 0.7271, 0.5779]"
11,RET,ENSG00000165731.18,Brain_Putamen_basal_ganglia,70-79,female,"[0.561, 0.2458]"
