,gene,gencodeId,tissue,age,gender,TPMs
0,RET,ENSG00000165731.18,Brain_Amygdala,20-29,male,"[1.676, 1.212, 0.7384]"
1,RET,ENSG00000165731.18,Brain_Amygdala,20-29,female,"[0.5716, 1.139]"
2,RET,ENSG00000165731.18,Brain_Amygdala,30-39,male,"[1.271, 1.194]"
3,RET,ENSG00000165731.18,Brain_Amygdala,30-39,female,"[0.7413, 1.066]"
4,RET,ENSG00000165731.18,Brain_Amygdala,40-49,male,"[0.8986, 0.7211, 1.105, 3.591, 0.2973, 0.5232, 1.781, 1.172]"
5,RET,ENSG00000165731.18,Brain_Amygdala,40-49,female,"[0.9361, 0.4012, 0.255, 1.515, 0.9202]"
6,RET,ENSG00000165731.18,Brain_Amygdala,50-59,male,"[0.8571, 1.107, 0.6705, 0.1843, 1.027, 0.9485, 0.7427, 0.7677, 0.1725, 0.3579, 0.3973, 0.2287, 0.796, 0.6982, 0.07078, 1.946, 0.8227, 0.8306, 0.4505, 0.2818, 0.39, 0.2789, 0.8514, 0.3767, 1.318, 0.7272, 0.7131, 0.4411, 0.6392, 0.3701, 0.9512, 1.052, 1.269, 0.9977]"
7,RET,ENSG00000165731.18,Brain_Amygdala,50-59,female,"[0.2493, 1.751, 0.9159, 0.4845, 0.4196, 0.4998, 0.1276, 0.7921, 0.3082, 1.389, 0.6785]"
8,RET,ENSG00000165731.18,Brain_Amygdala,60-69,male,"[0.5886, 0.147, 0.07019, 0.167, 0.8888, 0.2249, 0.1587, 0.1587, 0.2068, 0.885, 0.4466, 0.6767, 0.4135, 0.4135, 0.6853, 0.6038, 0.1382, 0.3888, 0.5976, 0.1908, 1.178, 0.9003, 0.9614, 2.194, 1.366, 0.842, 0.3467, 0.5936, 0.3041, 0.285, 0.9145, 0.6466, 0.1685, 1.235, 0.6048, 0.1106, 1.309, 0.496, 0.4123, 1.481, 1.18, 0.1876, 0.09907, 0.243, 0.6234, 0.6963, 0.6201, 0.6867, 0.2809, 0.6693, 0.4186, 0.7257, 0.3031, 0.145]"
9,RET,ENSG00000165731.18,Brain_Amygdala,60-69,female,"[0.4135, 0.4135, 0.8847, 1.505, 0.6728, 0.4144, 1.279, 0.5073, 0.1342, 0.8962, 0.7724, 1.59, 0.1239, 0.06166, 0.8721, 0.208, 0.4608, 0.3697, 0.1587, 0.1587, 1.569, 1.055, 0.9771, 1.687, 0.9246]"
10,RET,ENSG00000165731.18,Brain_Amygdala,70-79,male,"[0.6996, 0.8825, 0.2325, 0.1772, 1.391, 0.05413, 0.398, 0.8111]"
11,RET,ENSG00000165731.18,Brain_Amygdala,70-79,female,"[0.6846, 0.08268]"
