,gene,gencodeId,tissue,age,gender,TPMs
0,RET,ENSG00000165731.18,Kidney_Cortex,20-29,male,[0.311]
1,RET,ENSG00000165731.18,Kidney_Cortex,20-29,female,[]
2,RET,ENSG00000165731.18,Kidney_Cortex,30-39,male,"[0.6766, 1.545, 0.6584, 1.251, 0.227, 0.8791]"
3,RET,ENSG00000165731.18,Kidney_Cortex,30-39,female,"[1.149, 0.9541]"
4,RET,ENSG00000165731.18,Kidney_Cortex,40-49,male,"[0.91, 0.3725, 0.1723, 1.24, 0.8746, 1.397]"
5,RET,ENSG00000165731.18,Kidney_Cortex,40-49,female,"[0.5763, 0.3936]"
6,RET,ENSG00000165731.18,Kidney_Cortex,50-59,male,"[0.4295, 0.2911, 0.3063, 4.734, 0.3123, 3.175, 0.5393, 0.9825, 1.047, 0.6575, 1.208, 0.3911, 0.3334, 0.1729, 0.3617, 0.782, 1.427, 2.125, 0.5951, 1.16, 0.376, 0.3889, 1.76]"
7,RET,ENSG00000165731.18,Kidney_Cortex,50-59,female,"[0.6858, 0.4832, 0.5268, 0.09748, 0.172, 0.6589]"
8,RET,ENSG00000165731.18,Kidney_Cortex,60-69,male,"[1.005, 0.7478, 0.5321, 0.221, 0.5195, 0.07473, 0.1022, 1.448, 2.969, 0.1945, 0.6699, 0.463, 0.2677, 0.2019, 0.7083, 0.3454, 0.1738, 0.6316, 2.966, 0.02863, 0.8417, 0.3319, 0.04161, 0.1626, 0.279, 5.005]"
9,RET,ENSG00000165731.18,Kidney_Cortex,60-69,female,"[1.459, 1.241, 0.3406, 0.3348, 1.668, 0.6527, 0.4704, 0.7558, 0.3778]"
10,RET,ENSG00000165731.18,Kidney_Cortex,70-79,male,"[0.448, 0.8559, 3.257, 0.522]"
11,RET,ENSG00000165731.18,Kidney_Cortex,70-79,female,[]
