,gene,gencodeId,tissue,age,gender,TPMs
0,HELLS,ENSG00000119969.14,Brain_Substantia_nigra,20-29,male,"[0.4683, 0.4321, 0.4724]"
1,HELLS,ENSG00000119969.14,Brain_Substantia_nigra,20-29,female,"[0.6498, 0.7515]"
2,HELLS,ENSG00000119969.14,Brain_Substantia_nigra,30-39,male,"[0.7887, 0.7868]"
3,HELLS,ENSG00000119969.14,Brain_Substantia_nigra,30-39,female,"[0.1697, 0.9549]"
4,HELLS,ENSG00000119969.14,Brain_Substantia_nigra,40-49,male,"[0.5243, 0.5277, 0.4172, 0.5138, 0.07204, 0.03822, 0.6681, 0.6608, 0.1643, 0.534]"
5,HELLS,ENSG00000119969.14,Brain_Substantia_nigra,40-49,female,"[0.5206, 0.21, 0.1643, 0.6971, 0.6511]"
6,HELLS,ENSG00000119969.14,Brain_Substantia_nigra,50-59,male,"[0.6695, 0.1462, 0.2058, 0.466, 0.3867, 0.2379, 0.56, 2.035, 0.2127, 0.2999, 0.2222, 0.2528, 0.07934, 0.5204, 0.4886, 0.2867, 0.1758, 0.03303, 0.2171, 0.5748, 0.4855, 0.6739, 1.341, 0.4207]"
7,HELLS,ENSG00000119969.14,Brain_Substantia_nigra,50-59,female,"[0.3184, 0.2219, 0.521, 0.3202, 0.5081, 0.7837, 0.1667, 0.4027, 1.691, 0.5376, 0.1802]"
8,HELLS,ENSG00000119969.14,Brain_Substantia_nigra,60-69,male,"[0.3632, 0.316, 0.263, 0.2465, 0.3912, 0.3959, 0.3142, 0.6064, 0.1612, 0.5343, 0.5322, 0.391, 0.3704, 0.225, 0.3555, 0.6006, 0.5227, 0.4061, 0.3357, 0.2455, 0.2121, 0.4757, 0.5633, 0.7093, 0.1371, 0.456, 0.2785, 0.1307, 0.6128, 0.2013, 0.2713, 0.2221, 0.6922, 0.4937, 0.1626, 0.513, 0.2739, 0.06151, 0.1979, 0.3791, 0.5224, 0.2907, 0.5523, 0.1227, 0.8582, 0.1089, 0.2262, 0.3954, 0.3954, 0.4345, 0.2139, 0.2869, 1.012, 0.9704, 3.086, 0.3954, 0.3954, 0.3021, 0.1643, 0.08601, 0.6162]"
9,HELLS,ENSG00000119969.14,Brain_Substantia_nigra,60-69,female,"[0.1429, 0.563, 0.7471, 0.116, 0.3593, 0.4716, 0.3767, 0.5387, 0.2352, 0.2352, 0.4867, 0.1751, 0.1316, 0.1643, 0.6652, 0.661, 0.5412, 0.2352, 0.2352, 0.4036]"
10,HELLS,ENSG00000119969.14,Brain_Substantia_nigra,70-79,male,"[0.2339, 0.07944, 0.7612, 0.08777]"
11,HELLS,ENSG00000119969.14,Brain_Substantia_nigra,70-79,female,[0.2986]
