,gene,gencodeId,tissue,age,gender,TPMs
0,HELLS,ENSG00000119969.14,Brain_Frontal_Cortex_BA9,20-29,male,"[0.3542, 0.7191, 0.6809, 0.3218]"
1,HELLS,ENSG00000119969.14,Brain_Frontal_Cortex_BA9,20-29,female,[0.4356]
2,HELLS,ENSG00000119969.14,Brain_Frontal_Cortex_BA9,30-39,male,"[0.5894, 0.9652]"
3,HELLS,ENSG00000119969.14,Brain_Frontal_Cortex_BA9,30-39,female,"[0.7924, 2.192]"
4,HELLS,ENSG00000119969.14,Brain_Frontal_Cortex_BA9,40-49,male,"[0.3896, 0.8492, 0.3802, 0.3075, 0.6457, 0.8162, 0.8278, 0.6796, 0.7741, 0.6751, 0.6495]"
5,HELLS,ENSG00000119969.14,Brain_Frontal_Cortex_BA9,40-49,female,"[0.5661, 0.6882, 0.6457, 0.4292, 0.8502, 0.8018, 1.547]"
6,HELLS,ENSG00000119969.14,Brain_Frontal_Cortex_BA9,50-59,male,"[0.3327, 0.6368, 1.062, 0.7035, 0.1531, 0.2954, 0.8951, 0.188, 1.023, 0.7245, 0.9608, 0.6384, 0.6832, 0.7281, 0.7881, 0.6082, 0.3776, 0.4941, 0.4998, 0.8432, 0.6299, 0.8947, 0.8312, 0.7808, 0.858, 0.3175, 1.009, 0.0898, 0.5009, 0.5371, 0.5745, 0.5899, 0.6131, 0.2765, 0.5797, 0.6606, 0.7493, 0.4253, 0.3033, 0.4408, 1.863, 0.7203, 1.481, 0.8425, 1.268, 0.5573, 1.782, 0.5916]"
7,HELLS,ENSG00000119969.14,Brain_Frontal_Cortex_BA9,50-59,female,"[0.5903, 0.1027, 0.5009, 0.7121, 0.6322, 0.8045, 0.8798, 0.4259, 0.3055, 0.6042, 0.9381, 0.5806, 2.358, 1.349, 1.099, 0.163]"
8,HELLS,ENSG00000119969.14,Brain_Frontal_Cortex_BA9,60-69,male,"[0.5437, 0.6501, 0.2906, 0.4945, 0.3873, 0.3206, 0.6127, 0.3007, 0.3868, 1.117, 0.1471, 1.002, 1.149, 0.665, 0.4026, 0.317, 1.233, 0.5756, 0.3317, 0.5716, 0.7149, 0.5125, 0.2341, 0.1919, 0.2669, 0.5095, 0.8636, 0.771, 0.8881, 0.4313, 1.446, 0.819, 0.2858, 0.838, 0.3863, 0.9676, 0.6685, 0.2497, 0.6079, 0.5778, 0.3543, 0.5009, 0.5769, 1.288, 0.2542, 0.8909, 0.8108, 0.4533, 0.3858, 0.394, 0.9949, 0.1588, 0.438, 1.234, 0.6505, 0.579, 0.489, 0.6457, 0.4587, 0.2712, 0.2816, 0.2937, 0.6601, 0.6702, 1.113, 0.4445, 0.3461, 0.2469, 0.7939, 1.231, 0.6947, 1.112, 0.1762, 0.9955, 0.8514, 0.5449, 0.616, 0.9826, 0.6756, 0.2459]"
9,HELLS,ENSG00000119969.14,Brain_Frontal_Cortex_BA9,60-69,female,"[0.4645, 0.5546, 0.6807, 0.3502, 0.5698, 0.5238, 0.5009, 1.341, 0.432, 0.6457, 1.198, 0.741, 0.1619, 0.5734, 1.287, 0.6816, 0.3412, 0.09728, 0.2202, 0.2798, 0.535, 1.272, 0.3847, 0.2934, 1.45, 1.388, 0.6589, 1.653, 0.7118, 0.5471]"
10,HELLS,ENSG00000119969.14,Brain_Frontal_Cortex_BA9,70-79,male,"[1.164, 0.2963, 1.073, 0.4808, 1.302, 0.5235, 0.5997, 0.8669, 1.079, 0.1318]"
11,HELLS,ENSG00000119969.14,Brain_Frontal_Cortex_BA9,70-79,female,"[0.4702, 0.03563]"
