,gene,gencodeId,tissue,age,gender,TPMs
0,HELLS,ENSG00000119969.14,Brain_Amygdala,20-29,male,"[0.192, 0.5472, 0.3197, 0.5618]"
1,HELLS,ENSG00000119969.14,Brain_Amygdala,20-29,female,"[0.3374, 0.192]"
2,HELLS,ENSG00000119969.14,Brain_Amygdala,30-39,male,"[0.2962, 0.08712, 0.2962]"
3,HELLS,ENSG00000119969.14,Brain_Amygdala,30-39,female,"[0.1942, 0.9924]"
4,HELLS,ENSG00000119969.14,Brain_Amygdala,40-49,male,"[0.2263, 0.101, 0.3027, 0.4602, 0.1872, 0.6672, 0.5027, 0.4635]"
5,HELLS,ENSG00000119969.14,Brain_Amygdala,40-49,female,"[0.3803, 0.3348, 0.1989, 0.6783, 0.5125]"
6,HELLS,ENSG00000119969.14,Brain_Amygdala,50-59,male,"[0.2191, 0.3459, 0.2728, 0.1578, 0.2438, 0.4744, 0.2799, 0.2474, 0.3041, 0.2862, 0.2357, 0.4032, 0.369, 0.3167, 0.2288, 0.5311, 0.8288, 0.4459, 0.1085, 0.2578, 0.1947, 0.1719, 0.2029, 0.1491, 0.3097, 0.4137, 0.2522, 0.2728, 0.1085, 0.4092, 0.2464, 0.5855, 0.3762, 0.9035, 0.6064, 1.291]"
7,HELLS,ENSG00000119969.14,Brain_Amygdala,50-59,female,"[0.07957, 0.3355, 0.3364, 0.2434, 0.4069, 0.2039, 0.1479, 0.4785, 0.2517, 0.2312, 0.5448]"
8,HELLS,ENSG00000119969.14,Brain_Amygdala,60-69,male,"[0.2068, 0.1178, 0.1994, 0.2728, 0.1328, 0.2814, 0.2693, 0.2189, 0.1358, 0.6487, 0.1715, 0.1974, 0.2962, 0.4171, 0.6618, 0.3045, 0.2232, 0.2454, 0.09811, 0.1688, 0.6341, 0.3604, 0.3352, 0.3764, 0.5367, 0.192, 0.2536, 0.04988, 0.8183, 0.4201, 0.1969, 0.2161, 0.3517, 0.2332, 0.08448, 0.6933, 0.3538, 0.2552, 0.2728, 0.6631, 0.1913, 0.05375, 0.09676, 0.2835, 0.2282, 0.3534, 0.6461, 0.1651, 0.2962, 0.796, 0.6615, 0.5581, 0.2863, 0.1227]"
9,HELLS,ENSG00000119969.14,Brain_Amygdala,60-69,female,"[0.1823, 0.496, 0.647, 0.4404, 0.3685, 0.5401, 0.2572, 0.2146, 0.632, 0.578, 0.4373, 0.192, 0.09595, 0.09349, 0.4387, 0.167, 0.5007, 0.3395, 0.3981, 0.5851, 0.5366, 0.4598, 2.438, 0.4594]"
10,HELLS,ENSG00000119969.14,Brain_Amygdala,70-79,male,"[0.3426, 0.527, 0.1633, 0.2604, 0.4102, 0.1085, 0.4065, 0.2983, 0.1085]"
11,HELLS,ENSG00000119969.14,Brain_Amygdala,70-79,female,"[0.3261, 0.1145]"
