,gene,gencodeId,tissue,age,gender,TPMs
0,HELLS,ENSG00000119969.14,Brain_Anterior_cingulate_cortex_BA24,20-29,male,"[0.307, 0.5058]"
1,HELLS,ENSG00000119969.14,Brain_Anterior_cingulate_cortex_BA24,20-29,female,"[0.3325, 0.2067, 0.5058]"
2,HELLS,ENSG00000119969.14,Brain_Anterior_cingulate_cortex_BA24,30-39,male,"[0.1142, 0.4887, 0.5006]"
3,HELLS,ENSG00000119969.14,Brain_Anterior_cingulate_cortex_BA24,30-39,female,[0.777]
4,HELLS,ENSG00000119969.14,Brain_Anterior_cingulate_cortex_BA24,40-49,male,"[0.4354, 0.3886, 0.1034, 0.2462, 0.2041, 0.425, 0.1216, 0.1508, 0.09692, 0.4952, 0.2277, 1.322, 0.6034, 0.9132, 0.9147, 0.5948, 0.6521]"
5,HELLS,ENSG00000119969.14,Brain_Anterior_cingulate_cortex_BA24,40-49,female,"[0.1964, 0.4349, 0.348, 0.3686, 0.3293, 0.7365, 0.7515]"
6,HELLS,ENSG00000119969.14,Brain_Anterior_cingulate_cortex_BA24,50-59,male,"[0.5217, 0.1227, 0.3515, 0.1916, 0.1889, 0.5338, 0.09562, 0.2821, 0.2808, 0.7811, 0.1758, 0.4244, 0.7953, 0.6067, 0.4843, 0.29, 0.2383, 0.5231, 0.2709, 0.5185, 0.7029, 0.5109, 0.3794, 0.3794, 0.2722, 0.3442, 0.429, 0.182, 0.3202, 0.5356, 0.5058, 1.4, 0.4392]"
7,HELLS,ENSG00000119969.14,Brain_Anterior_cingulate_cortex_BA24,50-59,female,"[0.09265, 0.3384, 0.4304, 0.9665, 0.2324, 0.3794, 0.3794, 0.4802, 0.3057, 0.5225, 0.5058]"
8,HELLS,ENSG00000119969.14,Brain_Anterior_cingulate_cortex_BA24,60-69,male,"[0.3208, 0.1069, 0.6702, 0.2449, 0.2158, 0.2077, 0.3655, 0.3593, 0.318, 0.1919, 0.4371, 0.2639, 0.7809, 0.4851, 0.5977, 0.4086, 0.2086, 0.07007, 0.1621, 0.215, 0.6487, 0.2422, 0.1974, 0.4573, 0.9088, 0.3741, 0.4593, 0.345, 0.3173, 0.1941, 0.744, 0.1728, 0.3665, 0.2337, 0.5706, 0.4993, 0.1323, 0.6324, 0.1157, 0.1537, 0.3691, 0.6206, 0.3682, 0.3758, 0.679, 0.2038, 0.354, 0.4724, 0.296, 0.2929, 0.5454, 0.8454, 0.4805, 0.6155, 0.9159, 0.5993, 0.2504, 0.8691, 0.2942, 0.6405, 0.4338, 0.4609, 0.4681, 0.3663]"
9,HELLS,ENSG00000119969.14,Brain_Anterior_cingulate_cortex_BA24,60-69,female,"[0.1584, 0.2244, 0.3716, 0.4904, 0.3039, 0.2322, 0.4104, 0.4988, 1.539, 0.6474, 0.9423, 0.4123, 0.1997, 0.2488, 0.5629, 0.3842, 0.03981, 0.3056, 0.2592, 0.3913, 1.063, 0.5955, 0.9162, 1.701, 0.2788, 0.4298]"
10,HELLS,ENSG00000119969.14,Brain_Anterior_cingulate_cortex_BA24,70-79,male,"[0.552, 0.1081, 0.8216, 0.5097, 0.23, 0.07448, 0.2238, 0.1394, 0.4058, 0.4314, 0.726]"
11,HELLS,ENSG00000119969.14,Brain_Anterior_cingulate_cortex_BA24,70-79,female,"[0.4382, 0.8665]"
