,gene,gencodeId,tissue,age,gender,TPMs
0,HELLS,ENSG00000119969.14,Brain_Hippocampus,20-29,male,"[0.434, 0.6358, 0.3703, 0.3623]"
1,HELLS,ENSG00000119969.14,Brain_Hippocampus,20-29,female,[0.458]
2,HELLS,ENSG00000119969.14,Brain_Hippocampus,30-39,male,"[0.5568, 0.1397, 0.5734]"
3,HELLS,ENSG00000119969.14,Brain_Hippocampus,30-39,female,"[0.2447, 0.6062]"
4,HELLS,ENSG00000119969.14,Brain_Hippocampus,40-49,male,"[0.282, 0.2527, 0.1196, 0.6237, 0.2518, 0.36, 0.106, 0.3516, 0.7277, 0.472, 0.6081, 0.3665, 0.5609]"
5,HELLS,ENSG00000119969.14,Brain_Hippocampus,40-49,female,"[0.5564, 0.24, 0.06863, 0.9044, 0.04085, 0.5552, 0.3435, 0.3287]"
6,HELLS,ENSG00000119969.14,Brain_Hippocampus,50-59,male,"[0.2983, 0.1685, 0.7782, 0.1518, 0.2841, 0.2318, 0.1913, 0.563, 0.8247, 0.3903, 0.1736, 0.2997, 0.4731, 0.6422, 0.3673, 0.9324, 0.2917, 0.2492, 0.1542, 0.1922, 0.1237, 0.1098, 0.2416, 0.1808, 0.2267, 0.1618, 0.6468, 0.3966, 0.2107, 0.4795, 0.3375, 0.7727, 0.3784, 0.4227, 0.3749, 0.4197, 0.8747]"
7,HELLS,ENSG00000119969.14,Brain_Hippocampus,50-59,female,"[0.1219, 0.5266, 0.2598, 0.369, 0.3422, 0.1065, 0.1493, 0.2537, 0.4106, 0.1582, 0.3532, 0.3594, 0.4264, 0.9998, 0.1833]"
8,HELLS,ENSG00000119969.14,Brain_Hippocampus,60-69,male,"[0.1673, 0.2226, 0.3758, 0.157, 0.2845, 0.2745, 0.2115, 0.2828, 0.2717, 0.2051, 0.2016, 0.2844, 0.2408, 0.6071, 0.5535, 0.2906, 0.3591, 0.3049, 0.2268, 0.738, 0.2991, 0.204, 1.102, 0.2349, 0.1345, 0.3565, 0.8625, 0.3589, 0.2769, 0.3271, 0.6905, 0.2207, 0.2688, 1.256, 0.3782, 0.1728, 0.4285, 0.3806, 0.2931, 0.3482, 0.3189, 0.2025, 1.077, 0.1515, 0.5148, 0.5033, 0.2709, 0.4663, 0.2168, 0.1921, 0.1921, 0.5077, 0.2183, 0.341, 0.1734, 0.4308, 0.4333, 0.7304, 0.1707, 0.09141, 0.4201, 0.1058, 0.298, 0.3541, 0.3615, 0.5702, 0.3549, 0.6448, 0.153, 0.3293, 0.1178, 0.6543, 0.522, 0.3193, 0.2541, 0.1921, 0.1921, 0.299, 0.2136]"
9,HELLS,ENSG00000119969.14,Brain_Hippocampus,60-69,female,"[0.5543, 0.3405, 1.115, 0.1884, 0.455, 0.4497, 0.6709, 0.4602, 0.2833, 0.4741, 0.2399, 0.2249, 0.4781, 0.3118, 0.3506, 0.456, 0.4091, 0.3661, 0.3137, 0.5454, 0.4604, 1.742, 0.3379]"
10,HELLS,ENSG00000119969.14,Brain_Hippocampus,70-79,male,"[0.3707, 0.708, 0.21, 0.4788, 0.1875, 0.2577, 0.486, 0.48, 0.5029]"
11,HELLS,ENSG00000119969.14,Brain_Hippocampus,70-79,female,"[0.2784, 0.1605, 0.2104, 0.216, 0.4104]"
