,gene,gencodeId,tissue,age,gender,TPMs
0,UCHL1,ENSG00000154277.12,Liver,20-29,male,"[9.331, 1.203, 116.5, 0.4099]"
1,UCHL1,ENSG00000154277.12,Liver,20-29,female,"[0.2697, 0.6484, 3.897]"
2,UCHL1,ENSG00000154277.12,Liver,30-39,male,"[2.015, 0.2954, 1.554, 0.8765, 0.9046, 2.383, 0.3123, 1.731, 0.1805, 0.3637, 0.5543, 1.044, 1.868, 0.5632]"
3,UCHL1,ENSG00000154277.12,Liver,30-39,female,"[6.028, 0.6367, 2.916]"
4,UCHL1,ENSG00000154277.12,Liver,40-49,male,"[15.06, 1.425, 0.3954, 1.813, 0.167, 0.3439, 0.9682, 0.2729, 0.7459, 2.053, 0.5947, 1.093, 1.105, 0.6072, 2.246, 0.492, 0.396, 1.093, 1.238, 0.1848, 0.6655, 34.15, 0.5947, 1.075, 0.8796, 0.2938]"
5,UCHL1,ENSG00000154277.12,Liver,40-49,female,"[1.497, 1.594, 0.614, 0.4128, 1.109, 0.614, 1.683, 1.194, 4.529, 1.544, 4.72, 0.5845]"
6,UCHL1,ENSG00000154277.12,Liver,50-59,male,"[0.751, 0.3947, 2.029, 1.011, 0.7958, 4.6, 0.3071, 5.238, 0.438, 7.136, 0.6254, 1.147, 0.4942, 2.709, 1.078, 0.3488, 0.3308, 1.669, 0.8072, 2.45, 0.3293, 0.7659, 0.4012, 1.261, 0.659, 0.406, 0.3535, 1.222, 1.363, 0.5075, 1.196, 0.8703, 0.8941, 0.4357, 0.616, 0.3616, 0.5098, 2.069, 0.6097, 0.6044, 0.1258, 0.3669, 0.7765, 3.815, 2.483, 0.9792, 0.4303, 0.2824, 1.235, 0.933, 0.7472, 0.555, 0.9814, 1.989, 0.685, 0.747, 0.4693, 0.8339, 1.434, 1.177, 1.18]"
7,UCHL1,ENSG00000154277.12,Liver,50-59,female,"[0.2564, 2.028, 39.46, 3.725, 0.5184, 6.274, 0.3814, 0.2944, 0.04174, 0.7264, 0.8726, 0.4457, 0.7305, 1.395, 2.788, 0.5098, 0.6515, 0.6273, 1.129, 4.946, 0.3892, 3.501, 0.676]"
8,UCHL1,ENSG00000154277.12,Liver,60-69,male,"[0.2525, 0.4571, 0.8864, 0.6526, 0.5637, 0.5, 0.2779, 0.3346, 0.1308, 0.6028, 0.89, 0.7104, 0.4985, 0.2762, 0.4755, 7.517, 0.2328, 0.05708, 7.49, 0.6057, 4.911, 1.597, 1.031, 0.1673, 2.041, 0.6864, 2.025, 0.1854, 0.8729, 1.034, 1.824, 0.7071, 0.2274, 0.9165, 0.554, 3.536, 0.4213, 0.7503, 0.5098, 0.4043, 0.5947, 7.934, 1.03, 1.093, 0.2416, 0.5829, 0.4054, 1.978, 1.012, 1.249, 2.033, 0.201, 1.093, 2.642, 0.4921, 1.524, 0.5947, 0.5729]"
9,UCHL1,ENSG00000154277.12,Liver,60-69,female,"[0.6334, 0.5323, 0.4118, 0.9448, 0.9898, 0.5951, 0.2867, 0.8719, 0.6447, 0.9616, 0.7256, 3.696, 1.21, 0.614, 0.614, 0.5098, 2.464, 0.797, 0.6886, 0.6853, 0.4822, 0.257, 0.7201, 0.8111, 2.516]"
10,UCHL1,ENSG00000154277.12,Liver,70-79,male,"[0.5657, 0.7801, 0.3635]"
11,UCHL1,ENSG00000154277.12,Liver,70-79,female,"[0.6396, 0.8633]"
