,gene,gencodeId,tissue,age,gender,TPMs
0,SSTR3,ENSG00000278195.1,Kidney_Cortex,20-29,male,[0.1864]
1,SSTR3,ENSG00000278195.1,Kidney_Cortex,20-29,female,[]
2,SSTR3,ENSG00000278195.1,Kidney_Cortex,30-39,male,"[0.2311, 0.2197, 0.2197, 0.1837, 0.177, 0.2227, 0.0]"
3,SSTR3,ENSG00000278195.1,Kidney_Cortex,30-39,female,"[0.2125, 0.0, 0.04215]"
4,SSTR3,ENSG00000278195.1,Kidney_Cortex,40-49,male,"[0.4834, 0.2343, 0.1275, 0.09656, 0.05459, 0.07109]"
5,SSTR3,ENSG00000278195.1,Kidney_Cortex,40-49,female,"[0.1046, 0.112]"
6,SSTR3,ENSG00000278195.1,Kidney_Cortex,50-59,male,"[0.00836, 0.01821, 0.04198, 0.1492, 0.08744, 0.2362, 0.08654, 0.3362, 0.2662, 0.3118, 0.4717, 0.215, 0.2923, 0.16, 0.05634, 0.1954, 0.257, 1.081, 0.03016, 0.2042, 0.4281, 0.05873, 0.08283, 0.0]"
7,SSTR3,ENSG00000278195.1,Kidney_Cortex,50-59,female,"[0.2729, 0.3199, 0.2953, 0.1162, 0.01755, 0.0]"
8,SSTR3,ENSG00000278195.1,Kidney_Cortex,60-69,male,"[0.144, 0.1091, 0.01658, 0.08292, 0.5505, 0.03687, 0.322, 0.652, 0.2197, 0.1818, 0.06197, 0.0483, 0.2668, 0.3633, 0.131, 0.02298, 0.2098, 0.2197, 0.02493, 0.07441, 0.04237, 0.1756, 0.08064, 0.03695, 0.05597, 0.03441, 0.09482]"
9,SSTR3,ENSG00000278195.1,Kidney_Cortex,60-69,female,"[0.6689, 0.2226, 0.2359, 0.2095, 0.08079, 0.1772, 0.05408, 0.2052, 0.0637]"
10,SSTR3,ENSG00000278195.1,Kidney_Cortex,70-79,male,"[0.2905, 0.4106, 0.1911, 0.06099]"
11,SSTR3,ENSG00000278195.1,Kidney_Cortex,70-79,female,[]
