,gene,gencodeId,tissue,age,gender,TPMs
0,GTF2H2,ENSG00000145736.14,Liver,20-29,male,"[1.879, 0.2621, 1.905, 0.04961]"
1,GTF2H2,ENSG00000145736.14,Liver,20-29,female,"[0.1269, 0.7925, 1.02]"
2,GTF2H2,ENSG00000145736.14,Liver,30-39,male,"[0.1292, 0.6728, 0.2673, 0.9447, 1.357, 1.241, 0.0635, 0.0121, 0.6539, 0.4149, 0.1233, 1.568, 1.416, 0.1133]"
3,GTF2H2,ENSG00000145736.14,Liver,30-39,female,"[0.1292, 0.1501, 0.7911, 1.885]"
4,GTF2H2,ENSG00000145736.14,Liver,40-49,male,"[0.1292, 0.269, 0.1224, 0.6544, 0.8946, 0.191, 0.1821, 1.499, 1.093, 0.1343, 1.017, 0.1807, 0.4549, 0.2316, 0.996, 0.2742, 0.1058, 0.5653, 0.7671, 1.434, 0.9433, 0.6572, 0.1242, 0.3229, 0.7235]"
5,GTF2H2,ENSG00000145736.14,Liver,40-49,female,"[0.2781, 1.801, 0.1352, 0.1155, 0.1292, 1.706, 0.1194, 0.1291, 0.101, 2.389, 1.504]"
6,GTF2H2,ENSG00000145736.14,Liver,50-59,male,"[0.6406, 0.6919, 0.1605, 1.348, 0.07062, 1.308, 0.5326, 1.09, 0.1555, 0.39, 1.787, 0.144, 0.8592, 0.8592, 0.3768, 0.08185, 1.11, 1.42, 1.634, 0.1172, 1.453, 0.2511, 0.6724, 0.5438, 0.1991, 0.4019, 0.9435, 1.409, 0.7208, 0.1478, 0.7094, 0.05165, 0.05898, 1.733, 1.387, 0.1766, 0.9729, 0.1939, 0.1884, 0.316, 2.068, 0.4204, 0.3643, 0.4155, 0.714, 0.5031, 1.158, 1.366, 0.248, 0.239, 0.3671, 0.3671, 0.03761, 0.4988, 0.4988, 0.9843, 0.04974, 0.4988, 0.4988, 0.8923, 0.8592, 0.8592, 0.1264, 0.7784, 0.06892]"
7,GTF2H2,ENSG00000145736.14,Liver,50-59,female,"[0.9151, 1.33, 0.7856, 2.481, 0.7465, 0.9889, 0.1077, 0.9051, 0.488, 1.072, 0.5267, 1.142, 0.7571, 0.9561, 0.414, 1.094, 0.3784, 0.4322, 0.1372, 1.074, 0.194, 0.3671, 0.3671, 0.6398]"
8,GTF2H2,ENSG00000145736.14,Liver,60-69,male,"[1.076, 0.6445, 1.982, 0.5629, 0.8117, 0.7906, 0.1491, 0.1782, 0.137, 0.5768, 1.121, 0.03704, 0.6006, 0.7598, 0.2242, 2.064, 0.08764, 0.2611, 0.9079, 0.1686, 0.7919, 0.9537, 1.053, 0.7994, 2.466, 0.5272, 3.098, 1.165, 1.127, 0.8913, 0.7062, 0.1797, 0.8297, 0.9531, 0.1116, 0.2203, 0.6332, 0.7103, 1.289, 0.6268, 1.103, 0.2099, 1.296, 0.616, 1.441, 0.015, 1.22, 1.106, 0.2499, 0.1966, 0.1363, 0.1734, 0.8692, 0.7755, 0.7861, 0.1827]"
9,GTF2H2,ENSG00000145736.14,Liver,60-69,female,"[1.691, 0.1472, 0.2002, 0.6936, 1.022, 0.6338, 0.17, 1.034, 0.3034, 0.8645, 1.248, 0.9098, 0.6834, 1.485, 1.797, 0.08045, 0.8202, 0.7039, 0.7033, 0.283, 0.4168, 1.866, 0.9025]"
10,GTF2H2,ENSG00000145736.14,Liver,70-79,male,"[1.67, 0.2738, 0.109]"
11,GTF2H2,ENSG00000145736.14,Liver,70-79,female,"[0.7267, 1.156]"
