,gene,gencodeId,tissue,age,gender,TPMs
0,GTF2H2,ENSG00000145736.14,Brain_Substantia_nigra,20-29,male,"[0.2335, 0.7731, 1.891]"
1,GTF2H2,ENSG00000145736.14,Brain_Substantia_nigra,20-29,female,"[0.5762, 1.026]"
2,GTF2H2,ENSG00000145736.14,Brain_Substantia_nigra,30-39,male,"[1.204, 1.582, 1.204]"
3,GTF2H2,ENSG00000145736.14,Brain_Substantia_nigra,30-39,female,"[0.2698, 2.993]"
4,GTF2H2,ENSG00000145736.14,Brain_Substantia_nigra,40-49,male,"[0.1861, 1.023, 0.3342, 0.2551, 0.5697, 0.3758, 0.906, 0.1911, 0.6447]"
5,GTF2H2,ENSG00000145736.14,Brain_Substantia_nigra,40-49,female,"[1.293, 0.3268, 0.4868, 0.3326, 1.781]"
6,GTF2H2,ENSG00000145736.14,Brain_Substantia_nigra,50-59,male,"[0.7079, 0.5491, 0.6338, 0.8736, 0.1128, 0.3338, 0.6393, 1.505, 0.4684, 0.3384, 0.3805, 0.4786, 0.4752, 0.2272, 1.077, 0.9468, 0.3338, 0.376, 0.06871, 0.4923, 0.6662, 0.2369, 0.6133, 2.276, 0.469]"
7,GTF2H2,ENSG00000145736.14,Brain_Substantia_nigra,50-59,female,"[1.408, 0.3216, 0.618, 0.1124, 0.7565, 0.6472, 0.5126, 0.6723, 1.079, 0.1874, 0.476]"
8,GTF2H2,ENSG00000145736.14,Brain_Substantia_nigra,60-69,male,"[1.005, 1.184, 1.33, 0.3477, 1.232, 0.805, 0.653, 0.1206, 0.3957, 0.6643, 0.1638, 0.3338, 0.1532, 0.2596, 0.1982, 0.1982, 1.235, 1.204, 1.118, 1.057, 0.1832, 0.5093, 0.7833, 0.2548, 1.446, 0.2299, 0.8783, 2.542, 0.7682, 1.396, 1.149, 0.4184, 0.3775, 1.317, 0.8683, 0.2625, 1.024, 1.049, 0.2935, 0.7224, 0.2412, 1.329, 0.8575, 0.04039, 0.0509, 1.253, 0.5425, 0.2399, 0.00939, 1.702, 0.3338, 0.1183, 0.9974, 1.195, 1.204, 0.8875, 1.574, 0.7375, 0.08924, 0.329, 0.4061, 0.08001]"
9,GTF2H2,ENSG00000145736.14,Brain_Substantia_nigra,60-69,female,"[0.3807, 1.256, 0.1967, 0.2403, 0.1982, 0.1982, 0.4198, 1.376, 0.9985, 0.7949, 0.6936, 0.4435, 0.0279, 0.06298, 0.267, 0.1162, 0.8332, 0.5136]"
10,GTF2H2,ENSG00000145736.14,Brain_Substantia_nigra,70-79,male,"[0.733, 0.75, 0.5024, 0.6538]"
11,GTF2H2,ENSG00000145736.14,Brain_Substantia_nigra,70-79,female,[0.6333]
