,gene,gencodeId,tissue,age,gender,TPMs
0,GTF2H2,ENSG00000145736.14,Brain_Amygdala,20-29,male,"[0.2611, 0.8061, 1.923]"
1,GTF2H2,ENSG00000145736.14,Brain_Amygdala,20-29,female,"[0.2439, 0.7444]"
2,GTF2H2,ENSG00000145736.14,Brain_Amygdala,30-39,male,"[1.273, 0.6746]"
3,GTF2H2,ENSG00000145736.14,Brain_Amygdala,30-39,female,"[0.4926, 2.923]"
4,GTF2H2,ENSG00000145736.14,Brain_Amygdala,40-49,male,"[0.1157, 0.4818, 0.2801, 0.8441, 0.274, 0.2493, 1.06, 0.2796]"
5,GTF2H2,ENSG00000145736.14,Brain_Amygdala,40-49,female,"[0.6835, 0.09574, 0.7602, 0.2613, 1.513]"
6,GTF2H2,ENSG00000145736.14,Brain_Amygdala,50-59,male,"[0.6919, 1.072, 0.7159, 0.1107, 0.07387, 1.292, 0.1431, 0.6175, 0.3277, 0.7548, 0.9775, 0.04933, 0.6254, 0.5846, 0.09373, 1.589, 0.3845, 0.1708, 0.133, 0.3097, 0.4077, 0.1907, 0.4111, 0.08125, 1.74, 1.215, 0.5107, 2.003, 0.5633, 0.5322, 0.2667, 0.3336, 0.7272, 2.639]"
7,GTF2H2,ENSG00000145736.14,Brain_Amygdala,50-59,female,"[0.8498, 1.084, 0.5983, 0.4346, 0.09505, 0.01158, 0.2813, 0.6376, 0.3594, 0.9952, 1.741]"
8,GTF2H2,ENSG00000145736.14,Brain_Amygdala,60-69,male,"[0.939, 0.2374, 0.7709, 0.3712, 0.3374, 0.47, 0.4523, 0.1137, 0.4392, 0.2728, 0.8219, 0.09421, 0.3249, 1.457, 1.033, 0.7901, 0.9125, 0.4236, 0.1446, 1.022, 0.8754, 1.079, 0.6485, 3.093, 0.8163, 0.2247, 0.6198, 0.7307, 0.7307, 1.038, 0.511, 0.08591, 0.8925, 0.6456, 0.77, 0.3557, 0.4725, 0.8775, 0.5862, 0.2273, 0.05673, 0.2351, 0.1979, 0.1804, 0.1815, 0.1577, 1.203, 0.04633, 0.7448, 0.6871, 0.8336, 0.2808, 0.03253]"
9,GTF2H2,ENSG00000145736.14,Brain_Amygdala,60-69,female,"[0.5519, 0.6362, 0.7916, 0.1734, 0.9786, 1.374, 0.8308, 0.3938, 0.6869, 0.9457, 0.838, 0.7894, 0.415, 0.7443, 0.4738, 0.1277, 0.2322, 0.1583, 1.199, 1.039, 1.075, 2.856, 0.7307, 0.7307]"
10,GTF2H2,ENSG00000145736.14,Brain_Amygdala,70-79,male,"[0.7221, 0.2062, 0.3537, 1.483, 1.906, 0.1656, 0.1656, 0.2722, 0.61]"
11,GTF2H2,ENSG00000145736.14,Brain_Amygdala,70-79,female,"[0.7692, 0.1656, 0.1656]"
