,gene,gencodeId,tissue,age,gender,TPMs
0,CDKN2B,ENSG00000147883.10,Liver,20-29,male,"[1.411, 0.5167, 4.307, 1.373]"
1,CDKN2B,ENSG00000147883.10,Liver,20-29,female,"[0.2883, 0.3341, 3.732]"
2,CDKN2B,ENSG00000147883.10,Liver,30-39,male,"[0.9094, 0.02631, 0.3449, 0.5709, 0.1852, 0.1405, 0.1189, 0.3005, 0.1176, 0.1604, 0.07638, 0.3615, 0.3633, 0.134]"
3,CDKN2B,ENSG00000147883.10,Liver,30-39,female,"[0.2917, 0.9997, 0.3476]"
4,CDKN2B,ENSG00000147883.10,Liver,40-49,male,"[0.9121, 0.2253, 0.1646, 0.7483, 0.1673, 0.1206, 0.4414, 0.09944, 0.327, 0.5908, 0.08143, 0.3203, 0.2153, 0.1038, 0.3174, 0.7163, 0.7599, 0.1206, 0.05556, 0.5548, 2.079, 0.3058, 0.6854, 0.7835, 0.5182]"
5,CDKN2B,ENSG00000147883.10,Liver,40-49,female,"[0.4645, 0.1743, 0.6522, 1.54, 0.1042, 0.4685, 0.2354, 1.705, 0.9519, 0.5639, 0.2196]"
6,CDKN2B,ENSG00000147883.10,Liver,50-59,male,"[0.519, 0.05456, 0.8496, 0.2907, 0.1001, 0.2051, 6.443, 0.1883, 1.173, 0.4097, 0.7305, 0.2423, 0.9028, 0.1464, 0.07586, 0.1862, 0.09322, 0.1326, 0.1805, 0.2404, 0.3869, 0.385, 1.214, 0.7683, 0.1206, 0.3602, 0.6472, 0.3895, 0.2092, 0.3538, 0.9837, 0.339, 0.2021, 0.1395, 0.767, 0.1376, 0.5034, 0.1194, 0.2117, 0.7116, 0.1938, 0.1513, 0.3502, 0.5028, 1.562, 1.569, 0.4052, 0.46, 0.06175, 0.0978, 0.4013, 0.322, 0.1001, 0.1206, 0.6807, 0.2353, 0.2818, 1.568, 0.1091, 0.5353, 0.4492, 0.6604]"
7,CDKN2B,ENSG00000147883.10,Liver,50-59,female,"[0.1233, 0.7605, 6.082, 0.5236, 0.5974, 0.5013, 0.03397, 0.4637, 0.2259, 0.8291, 0.9947, 0.5248, 0.465, 0.4884, 1.098, 0.2725, 0.6218, 0.3185, 0.1965, 0.811, 0.2404, 0.3671, 0.6513, 0.5513]"
8,CDKN2B,ENSG00000147883.10,Liver,60-69,male,"[0.1157, 0.2364, 0.1421, 0.1421, 0.3329, 0.347, 0.5535, 0.1671, 0.2491, 0.1001, 0.1421, 0.1421, 0.2017, 0.2118, 0.5625, 0.1107, 0.2984, 1.252, 0.2592, 0.08007, 0.4963, 0.3729, 0.9843, 0.2404, 3.101, 0.3726, 0.1207, 1.536, 0.3302, 0.7517, 0.1824, 0.1583, 0.3345, 0.4525, 0.3976, 0.2945, 0.114, 0.168, 1.108, 0.2717, 0.6493, 0.1546, 0.1277, 0.1967, 0.8973, 0.08256, 0.1427, 0.05811, 0.1893, 0.2187, 0.9928, 0.8938, 0.8317, 0.6717, 0.1025, 0.8123, 0.1001, 0.5524, 1.532, 0.1587]"
9,CDKN2B,ENSG00000147883.10,Liver,60-69,female,"[0.3539, 0.4267, 0.1722, 0.1736, 1.116, 0.1874, 0.3304, 0.6865, 0.5743, 0.2832, 0.04474, 1.254, 0.3941, 0.1231, 0.8558, 0.3603, 0.5437, 0.2404, 0.9748, 0.5214, 0.7998, 0.2463, 1.856]"
10,CDKN2B,ENSG00000147883.10,Liver,70-79,male,"[0.3521, 0.1787, 0.1009]"
11,CDKN2B,ENSG00000147883.10,Liver,70-79,female,"[0.3167, 0.7745]"
