,gene,gencodeId,tissue,age,gender,TPMs
0,GH1,ENSG00000259384.6,Kidney_Cortex,20-29,male,[3.008]
1,GH1,ENSG00000259384.6,Kidney_Cortex,20-29,female,[]
2,GH1,ENSG00000259384.6,Kidney_Cortex,30-39,male,"[0.3303, 0.0, 0.0, 0.0, 0.8396, 4.748, 0.0, 0.0, 0.0, 0.1096, 0.0, 0.0, 0.0868]"
3,GH1,ENSG00000259384.6,Kidney_Cortex,30-39,female,"[11.93, 0.06327, 0.0, 0.0]"
4,GH1,ENSG00000259384.6,Kidney_Cortex,40-49,male,"[5.149, 6.124, 4.849, 0.4141, 11.07, 1.565]"
5,GH1,ENSG00000259384.6,Kidney_Cortex,40-49,female,"[2.947, 3.262]"
6,GH1,ENSG00000259384.6,Kidney_Cortex,50-59,male,"[0.4018, 2.951, 3.402, 4.704, 0.0, 0.1, 1.258, 1.493, 0.1155, 0.4195, 0.3269, 0.0, 0.0, 3.88, 10.99, 1.258, 0.9493, 5.82, 1.395, 25.09, 1.058, 14.9, 0.0, 2.644, 0.0, 0.0, 1.731, 4.075, 0.0, 0.0, 0.221]"
7,GH1,ENSG00000259384.6,Kidney_Cortex,50-59,female,"[0.1024, 1.619, 11.36, 0.1925, 6.166, 0.1064, 0.0, 0.0]"
8,GH1,ENSG00000259384.6,Kidney_Cortex,60-69,male,"[0.4322, 3.018, 12.24, 3.236, 2.964, 0.0, 0.0, 0.0, 0.0, 0.0, 0.0, 0.0, 0.0, 0.09317, 1.258, 0.3103, 0.5912, 0.0, 0.0, 0.0, 0.0, 0.0, 0.0, 0.0, 0.0, 3.362, 0.1456, 0.0, 0.0, 0.0, 0.0, 0.0, 0.0, 0.0, 0.0, 2.181, 1.258, 0.7243, 3.677, 0.1497, 0.9573, 0.0, 0.0, 0.0, 0.0, 0.0, 0.0, 0.0, 0.0, 4.317, 3.103, 0.0, 0.0, 0.0, 0.0, 0.0, 0.0, 0.0, 0.0, 0.0, 0.0, 0.0, 0.0, 0.0, 0.0, 0.0, 0.0, 0.0, 0.0, 0.0, 0.0, 0.0, 0.0, 0.0, 0.0, 0.0, 0.0, 0.0, 0.0, 0.0, 0.0, 0.0, 0.0, 7.051, 9.749]"
9,GH1,ENSG00000259384.6,Kidney_Cortex,60-69,female,"[6.389, 21.48, 1.513, 4.662, 1.132, 4.363, 6.128, 0.0, 0.0, 0.0, 0.0, 0.0, 0.0, 0.0, 0.0, 0.0, 0.0, 0.0, 0.0, 0.0, 0.0, 0.0, 0.0]"
10,GH1,ENSG00000259384.6,Kidney_Cortex,70-79,male,"[0.4928, 3.566, 0.6311, 0.8544]"
11,GH1,ENSG00000259384.6,Kidney_Cortex,70-79,female,[]
