,gene,gencodeId,tissue,age,gender,TPMs
0,PTGS2,ENSG00000073756.11,Brain_Putamen_basal_ganglia,20-29,male,"[0.188, 0.6132, 2.335, 6.562]"
1,PTGS2,ENSG00000073756.11,Brain_Putamen_basal_ganglia,20-29,female,[0.4618]
2,PTGS2,ENSG00000073756.11,Brain_Putamen_basal_ganglia,30-39,male,"[5.688, 0.2075, 1.442]"
3,PTGS2,ENSG00000073756.11,Brain_Putamen_basal_ganglia,30-39,female,"[0.4197, 1.189]"
4,PTGS2,ENSG00000073756.11,Brain_Putamen_basal_ganglia,40-49,male,"[0.2477, 0.6805, 1.014, 0.3164, 0.2363, 0.2031, 0.1628, 1.069, 0.4091, 0.3927, 1.127, 0.5273, 0.3891, 1.005]"
5,PTGS2,ENSG00000073756.11,Brain_Putamen_basal_ganglia,40-49,female,"[0.4398, 1.37, 1.889, 0.4697, 0.5757]"
6,PTGS2,ENSG00000073756.11,Brain_Putamen_basal_ganglia,50-59,male,"[0.2642, 0.29, 0.268, 0.1415, 0.3528, 0.3159, 0.1108, 0.6995, 0.1378, 1.199, 0.1435, 0.4841, 0.62, 0.3865, 0.2934, 0.9386, 1.683, 0.5647, 0.592, 0.6597, 0.274, 0.3355, 0.8821, 0.6586, 0.3957, 1.381, 0.5179, 0.6713, 0.2968, 0.1428, 0.5905, 0.6396, 0.8417, 2.783, 0.3208, 0.3053, 0.456, 0.4279, 1.585, 3.331, 0.1162, 0.2361, 0.1932, 1.118, 0.5314, 0.6427, 0.4059, 0.2336, 1.908, 0.5341, 1.07, 0.6454, 1.474]"
7,PTGS2,ENSG00000073756.11,Brain_Putamen_basal_ganglia,50-59,female,"[0.7491, 3.411, 0.2271, 0.3565, 1.14, 0.9838, 0.1835, 0.8302, 0.2118, 0.7261, 0.6672, 3.426, 0.1051, 0.7591]"
8,PTGS2,ENSG00000073756.11,Brain_Putamen_basal_ganglia,60-69,male,"[0.241, 0.2752, 0.3684, 0.3178, 1.512, 0.3982, 0.2371, 0.185, 0.8015, 0.7094, 0.3356, 0.2706, 0.4832, 0.09284, 0.2751, 1.814, 0.3549, 0.5085, 1.587, 0.6645, 0.1336, 0.5317, 0.9803, 1.462, 0.8904, 0.2517, 0.5008, 0.4166, 0.2638, 0.2307, 4.821, 1.227, 1.259, 0.8318, 0.2893, 0.2608, 0.7338, 0.7991, 2.96, 1.231, 1.786, 0.3282, 2.657, 0.6082, 0.3464, 0.9017, 0.3029, 0.7305, 0.1148, 1.59, 0.07647, 0.7713, 0.2018, 0.1219, 0.7177, 0.756, 0.8102, 0.8926, 0.3107, 1.559, 1.341, 0.1545, 0.6247, 0.5455, 0.865, 0.7029, 0.4443, 0.5912, 1.849, 0.3212, 0.3398, 0.1549, 0.6874, 0.2125, 0.264]"
9,PTGS2,ENSG00000073756.11,Brain_Putamen_basal_ganglia,60-69,female,"[1.126, 0.934, 0.3305, 0.2482, 0.5726, 0.7487, 0.2218, 0.1898, 1.354, 0.373, 1.165, 0.4325, 0.1992, 1.028, 0.5406, 0.3996, 0.05027, 0.427, 1.119, 1.179, 3.24, 0.3414, 1.148, 0.6168, 1.123]"
10,PTGS2,ENSG00000073756.11,Brain_Putamen_basal_ganglia,70-79,male,"[1.393, 4.434, 1.095, 0.3139, 3.146, 0.3655, 3.691]"
11,PTGS2,ENSG00000073756.11,Brain_Putamen_basal_ganglia,70-79,female,"[0.6867, 1.288]"
