,gene,gencodeId,tissue,age,gender,TPMs
0,PON1,ENSG00000005421.8,Brain_Hippocampus,20-29,male,"[0.6616, 0.6616, 0.8626, 0.3648, 0.2085]"
1,PON1,ENSG00000005421.8,Brain_Hippocampus,20-29,female,[0.4513]
2,PON1,ENSG00000005421.8,Brain_Hippocampus,30-39,male,"[0.3958, 0.7363, 0.765]"
3,PON1,ENSG00000005421.8,Brain_Hippocampus,30-39,female,"[0.5223, 1.385]"
4,PON1,ENSG00000005421.8,Brain_Hippocampus,40-49,male,"[0.7909, 0.4021, 0.198, 0.4773, 0.2096, 0.778, 0.3501, 0.3326, 0.858, 0.558, 0.8987, 0.6464, 1.093]"
5,PON1,ENSG00000005421.8,Brain_Hippocampus,40-49,female,"[0.4804, 0.5123, 0.08393, 0.082, 0.3139, 1.728, 0.4816, 0.3063]"
6,PON1,ENSG00000005421.8,Brain_Hippocampus,50-59,male,"[0.6616, 0.2805, 0.1291, 0.9417, 0.2884, 0.5291, 0.4467, 0.3289, 0.3417, 0.8921, 0.3614, 0.7238, 0.08572, 0.4023, 1.025, 0.4492, 0.1927, 0.5389, 0.5339, 0.4884, 0.6036, 0.04768, 0.2434, 0.3432, 0.2182, 0.7817, 0.1179, 0.578, 1.286, 0.6616, 0.5474, 0.891, 1.26, 0.6022, 0.4922, 0.374, 0.9365, 0.3473, 0.2805]"
7,PON1,ENSG00000005421.8,Brain_Hippocampus,50-59,female,"[0.435, 0.4039, 1.052, 0.6561, 0.5227, 0.1241, 0.2153, 0.7828, 0.4519, 0.9025, 0.9662, 0.04292, 0.1887, 0.5108, 0.1912]"
8,PON1,ENSG00000005421.8,Brain_Hippocampus,60-69,male,"[0.3817, 0.7607, 0.5718, 0.593, 0.3788, 0.1119, 0.6398, 0.2805, 0.3837, 0.1835, 0.5432, 0.1172, 0.6371, 0.2577, 1.181, 0.9401, 0.6804, 0.6415, 0.318, 0.09384, 0.1221, 1.376, 0.4091, 0.7495, 0.4364, 0.08155, 0.7324, 0.5274, 0.5754, 0.6346, 0.9556, 0.4821, 0.2308, 0.6619, 0.729, 0.4456, 0.2404, 0.3775, 0.6594, 0.5087, 0.4965, 0.1425, 0.273, 0.5909, 0.315, 0.7793, 0.6207, 0.4287, 0.4272, 0.5706, 0.5184, 0.3177, 0.1613, 0.8512, 0.4392, 0.152, 0.2291, 0.7004, 0.4297, 0.2702, 0.9586, 0.2165, 0.6012, 0.623, 0.2328, 0.4815, 0.8423, 1.234, 0.4377, 0.2555, 0.1088, 0.3649, 0.6393, 0.6775, 0.2805, 0.3559, 1.283, 0.5622]"
9,PON1,ENSG00000005421.8,Brain_Hippocampus,60-69,female,"[0.7118, 0.4766, 0.3234, 0.1747, 0.07291, 0.8513, 0.545, 0.6582, 0.3637, 0.4098, 0.2273, 0.07977, 1.324, 0.8397, 0.4184, 0.4268, 0.2781, 0.9125, 1.795, 2.622, 1.048, 0.2152, 0.2102]"
10,PON1,ENSG00000005421.8,Brain_Hippocampus,70-79,male,"[0.295, 0.3123, 0.3396, 0.4977, 0.3636, 0.9069, 0.5745, 0.935, 0.5781]"
11,PON1,ENSG00000005421.8,Brain_Hippocampus,70-79,female,"[0.4388, 0.1986, 0.2206, 0.1344, 0.1879]"
