,gene,gencodeId,tissue,age,gender,TPMs
0,BDNF,ENSG00000176697.18,Brain_Spinal_cord_cervical_c-1,20-29,male,"[0.9375, 1.199, 0.1507]"
1,BDNF,ENSG00000176697.18,Brain_Spinal_cord_cervical_c-1,20-29,female,[0.4132]
2,BDNF,ENSG00000176697.18,Brain_Spinal_cord_cervical_c-1,30-39,male,"[0.3186, 0.2366]"
3,BDNF,ENSG00000176697.18,Brain_Spinal_cord_cervical_c-1,30-39,female,[0.2366]
4,BDNF,ENSG00000176697.18,Brain_Spinal_cord_cervical_c-1,40-49,male,"[0.3811, 0.253, 0.02263, 0.1531, 0.2306, 1.222, 0.5615]"
5,BDNF,ENSG00000176697.18,Brain_Spinal_cord_cervical_c-1,40-49,female,"[0.05466, 0.6043, 0.05546, 0.02688, 0.02791, 0.09678, 0.5128, 0.0857, 1.173]"
6,BDNF,ENSG00000176697.18,Brain_Spinal_cord_cervical_c-1,50-59,male,"[0.4066, 0.5302, 0.1586, 0.1736, 0.5084, 0.3641, 0.0261, 0.1589, 0.4266, 0.3831, 0.09137, 0.4333, 0.2844, 0.3523, 0.1601, 0.6473, 0.2263, 0.5349, 0.3598, 0.1454, 1.295, 0.1376, 0.1511, 0.08109, 0.09917, 0.199, 0.2814, 0.4806, 0.2963, 0.1991, 0.2215]"
7,BDNF,ENSG00000176697.18,Brain_Spinal_cord_cervical_c-1,50-59,female,"[0.09006, 0.0753, 0.1318, 0.9887, 0.4033, 0.1012, 0.3144, 0.9848, 0.09595, 0.09029, 0.2785, 0.09609, 0.2659, 0.1007, 1.334, 0.1016]"
8,BDNF,ENSG00000176697.18,Brain_Spinal_cord_cervical_c-1,60-69,male,"[0.1547, 0.1719, 0.1191, 0.5005, 1.803, 0.4159, 0.03447, 0.1892, 0.1475, 0.6413, 0.1294, 1.752, 0.2366, 0.5978, 0.1622, 0.5922, 0.2329, 0.09066, 0.1292, 0.04047, 0.2054, 2.045, 0.2019, 0.4716, 0.1883, 0.02996, 0.01449, 1.337, 0.1494, 0.1188, 0.2361, 0.1478, 0.02696, 0.1414, 0.1008, 0.1636, 0.1747, 0.3125, 0.5111, 0.09145, 1.99, 0.2579, 0.2507, 0.9243, 0.2056, 0.0798, 0.5852, 0.2434, 0.2353, 0.1857]"
9,BDNF,ENSG00000176697.18,Brain_Spinal_cord_cervical_c-1,60-69,female,"[0.1696, 1.154, 0.2602, 1.937, 1.047, 0.2122, 0.16, 0.1985, 0.419, 0.7002, 0.04734, 0.453, 0.1081, 0.5502, 0.251, 0.1692, 0.2468, 0.2948, 0.5404, 0.3064, 0.2109, 0.07134, 0.2288, 0.5198, 0.2366, 1.384, 0.9652, 1.09, 0.293]"
10,BDNF,ENSG00000176697.18,Brain_Spinal_cord_cervical_c-1,70-79,male,"[0.09212, 0.7439, 0.03179, 0.3559, 0.3588, 0.05888, 0.1461, 0.8283, 0.2636, 0.4562]"
11,BDNF,ENSG00000176697.18,Brain_Spinal_cord_cervical_c-1,70-79,female,"[0.1765, 0.29]"
