,gene,gencodeId,tissue,age,gender,TPMs
0,BDNF,ENSG00000176697.18,Kidney_Cortex,20-29,male,[0.09355]
1,BDNF,ENSG00000176697.18,Kidney_Cortex,20-29,female,[]
2,BDNF,ENSG00000176697.18,Kidney_Cortex,30-39,male,"[0.1131, 0.131, 0.1347, 0.0983, 0.131, 0.07738, 0.5014]"
3,BDNF,ENSG00000176697.18,Kidney_Cortex,30-39,female,"[0.2931, 0.1117]"
4,BDNF,ENSG00000176697.18,Kidney_Cortex,40-49,male,"[0.08502, 0.07673, 0.0364, 0.0, 0.04007, 0.1941]"
5,BDNF,ENSG00000176697.18,Kidney_Cortex,40-49,female,"[0.08786, 0.04676]"
6,BDNF,ENSG00000176697.18,Kidney_Cortex,50-59,male,"[0.5856, 0.4054, 0.09976, 0.4409, 0.131, 0.3314, 0.07411, 0.07292, 0.01943, 0.7698, 0.1116, 0.1027, 0.03385, 0.06575, 0.1221, 0.1062, 0.1156, 0.1894, 0.01162, 0.131, 0.7482, 0.09426, 0.2565, 0.3251]"
7,BDNF,ENSG00000176697.18,Kidney_Cortex,50-59,female,"[0.09312, 0.1007, 0.03556, 0.00772, 0.1409, 0.4839]"
8,BDNF,ENSG00000176697.18,Kidney_Cortex,60-69,male,"[0.08477, 0.08009, 0.3621, 0.1302, 0.03048, 0.2084, 0.02741, 0.1122, 0.2822, 0.04865, 0.1691, 0.06894, 0.09088, 0.1016, 0.05356, 0.07748, 0.01304, 0.1281, 0.6623, 0.1361, 0.1826, 0.06121, 0.03956, 0.09346, 0.08013, 0.5405]"
9,BDNF,ENSG00000176697.18,Kidney_Cortex,60-69,female,"[0.2994, 0.2247, 0.08955, 0.04922, 0.271, 0.05123, 0.0521, 0.06588, 0.1955]"
10,BDNF,ENSG00000176697.18,Kidney_Cortex,70-79,male,"[0.1095, 0.1964, 0.3437, 0.0914]"
11,BDNF,ENSG00000176697.18,Kidney_Cortex,70-79,female,[]
