,gene,gencodeId,tissue,age,gender,TPMs
0,BDNF,ENSG00000176697.18,Brain_Frontal_Cortex_BA9,20-29,male,"[3.02, 4.518, 2.69, 0.8877]"
1,BDNF,ENSG00000176697.18,Brain_Frontal_Cortex_BA9,20-29,female,[2.895]
2,BDNF,ENSG00000176697.18,Brain_Frontal_Cortex_BA9,30-39,male,"[1.088, 5.005]"
3,BDNF,ENSG00000176697.18,Brain_Frontal_Cortex_BA9,30-39,female,"[4.994, 3.305]"
4,BDNF,ENSG00000176697.18,Brain_Frontal_Cortex_BA9,40-49,male,"[1.519, 1.346, 2.292, 0.7225, 4.035, 1.719, 1.999, 4.651, 4.365, 0.7188, 1.923]"
5,BDNF,ENSG00000176697.18,Brain_Frontal_Cortex_BA9,40-49,female,"[7.361, 0.742, 1.004, 0.96, 3.281, 6.135]"
6,BDNF,ENSG00000176697.18,Brain_Frontal_Cortex_BA9,50-59,male,"[1.871, 0.9721, 3.069, 3.148, 1.232, 2.888, 1.328, 2.813, 0.4092, 3.628, 2.673, 3.681, 1.018, 2.209, 2.543, 2.932, 3.248, 2.677, 2.423, 1.916, 4.348, 3.783, 1.042, 1.935, 3.773, 2.092, 2.241, 2.483, 2.483, 2.277, 0.1753, 3.515, 4.111, 4.707, 1.777, 1.486, 1.954, 2.813, 3.232, 4.935, 0.3398, 1.409, 1.595, 4.02, 4.093, 5.29, 5.73, 2.168, 1.677, 2.955]"
7,BDNF,ENSG00000176697.18,Brain_Frontal_Cortex_BA9,50-59,female,"[3.824, 0.09599, 0.9967, 3.44, 2.378, 3.554, 1.018, 0.5045, 0.3611, 3.306, 1.018, 1.596, 1.022, 1.803, 2.483, 2.483, 0.7027, 0.2282]"
8,BDNF,ENSG00000176697.18,Brain_Frontal_Cortex_BA9,60-69,male,"[2.662, 3.297, 1.196, 0.1679, 1.134, 0.3682, 2.813, 3.376, 2.196, 1.37, 0.8676, 2.155, 2.535, 1.018, 1.018, 1.405, 0.6172, 3.046, 1.902, 1.063, 1.353, 2.14, 1.323, 0.3598, 0.1713, 0.3047, 2.521, 3.161, 0.618, 3.743, 0.5536, 2.938, 2.143, 1.082, 9.981, 1.47, 5.185, 1.705, 2.883, 3.264, 3.107, 3.471, 1.46, 4.027, 0.3482, 0.5376, 2.756, 3.439, 2.915, 1.646, 4.028, 1.622, 0.4681, 1.541, 5.226, 1.686, 1.13, 1.812, 2.813, 2.115, 0.4256, 1.434, 0.414, 1.97, 2.897, 1.239, 1.239, 1.833, 1.824, 0.1284, 2.546, 3.241, 1.352, 1.472, 0.14, 1.034, 0.5964, 3.235, 2.816, 1.714, 1.239, 1.239, 0.5569]"
9,BDNF,ENSG00000176697.18,Brain_Frontal_Cortex_BA9,60-69,female,"[2.492, 0.6113, 0.4146, 1.375, 2.563, 7.238, 2.91, 6.404, 2.31, 2.622, 2.057, 0.1936, 0.791, 1.018, 1.018, 3.024, 1.018, 1.018, 0.7693, 0.06873, 1.75, 0.7751, 1.43, 1.281, 1.122, 0.4784, 1.94, 3.22, 2.792, 8.39, 1.494, 3.089]"
10,BDNF,ENSG00000176697.18,Brain_Frontal_Cortex_BA9,70-79,male,"[2.49, 0.2343, 3.621, 0.5373, 3.262, 1.14, 4.083, 0.8984, 4.034, 0.1197]"
11,BDNF,ENSG00000176697.18,Brain_Frontal_Cortex_BA9,70-79,female,"[2.251, 0.04972]"
