,gene,gencodeId,tissue,age,gender,TPMs
0,TP63,ENSG00000073282.12,Brain_Hippocampus,20-29,male,"[0.108, 0.1408, 0.1408, 0.278, 0.04332]"
1,TP63,ENSG00000073282.12,Brain_Hippocampus,20-29,female,[0.1965]
2,TP63,ENSG00000073282.12,Brain_Hippocampus,30-39,male,"[0.123, 0.0425, 0.0269]"
3,TP63,ENSG00000073282.12,Brain_Hippocampus,30-39,female,"[0.1454, 0.04925]"
4,TP63,ENSG00000073282.12,Brain_Hippocampus,40-49,male,"[0.02268, 0.04377, 0.0916, 0.4076, 0.07188, 0.06102, 0.05616, 0.08908, 0.2418, 0.1993, 0.0, 0.1108, 0.1198, 0.1579]"
5,TP63,ENSG00000073282.12,Brain_Hippocampus,40-49,female,"[0.183, 1.171, 0.02665, 0.03124, 0.0, 0.0828, 0.1198, 0.07934, 0.09668]"
6,TP63,ENSG00000073282.12,Brain_Hippocampus,50-59,male,"[0.04071, 0.07026, 0.1173, 0.07325, 0.01753, 0.1172, 0.05715, 0.3, 0.0789, 0.5507, 0.1047, 0.05806, 0.06568, 0.1153, 0.1284, 0.04772, 0.1208, 0.1333, 0.03308, 0.2345, 0.3603, 0.07066, 0.1046, 0.2242, 0.0748, 0.06617, 0.07986, 0.1524, 0.5899, 0.09488, 0.1415, 0.02952, 0.0, 0.2107, 0.1731, 0.1003, 0.1433, 0.09554]"
7,TP63,ENSG00000073282.12,Brain_Hippocampus,50-59,female,"[0.2651, 0.1403, 0.2353, 0.2045, 0.1688, 0.04362, 0.1003, 0.0902, 0.5713, 0.0, 0.4771, 0.03125, 0.2242, 0.1063, 0.06612, 0.06869, 0.09228]"
8,TP63,ENSG00000073282.12,Brain_Hippocampus,60-69,male,"[0.1917, 0.09007, 0.2849, 0.1375, 0.2394, 0.5542, 0.3822, 0.2401, 0.1442, 0.02887, 0.05581, 0.1239, 0.05143, 0.5451, 0.2006, 0.1445, 0.4577, 0.04543, 0.1226, 0.226, 0.06394, 0.03281, 0.1451, 0.1587, 0.08543, 0.5238, 0.2009, 0.1336, 0.08906, 0.2184, 0.1408, 0.1835, 0.1009, 0.08416, 0.09781, 0.1803, 0.167, 0.1034, 0.2725, 0.1376, 0.0501, 0.024, 0.1307, 0.2242, 0.0754, 0.04892, 0.07395, 0.6847, 0.03051, 0.02508, 0.02504, 0.05762, 0.00853, 0.06375, 0.07964, 0.1547, 0.1618, 0.06406, 0.01715, 0.1043, 0.1039, 0.05859, 0.5957, 0.7899, 0.06551, 0.1423, 0.1245, 0.06014, 0.1112, 0.03317, 0.1408, 0.2456, 0.05845, 0.1244, 0.1482, 0.04039, 0.1198, 0.09854, 0.03006]"
9,TP63,ENSG00000073282.12,Brain_Hippocampus,60-69,female,"[0.104, 0.1412, 0.05687, 0.0832, 0.05555, 0.1081, 0.07069, 0.01672, 0.1772, 0.3324, 0.09697, 0.03377, 0.1289, 0.2242, 0.156, 0.2733, 0.1198, 0.06449, 0.1738, 0.6267, 2.973, 0.2248, 0.473, 0.0851]"
10,TP63,ENSG00000073282.12,Brain_Hippocampus,70-79,male,"[0.05887, 0.2498, 0.116, 1.301, 0.5336, 0.4745, 0.1733, 0.1024, 0.2202, 0.1003]"
11,TP63,ENSG00000073282.12,Brain_Hippocampus,70-79,female,"[0.08359, 0.07564, 0.1528, 0.1003, 0.07159]"
