,gene,gencodeId,tissue,age,gender,TPMs
0,TP63,ENSG00000073282.12,Kidney_Cortex,20-29,male,[0.1368]
1,TP63,ENSG00000073282.12,Kidney_Cortex,20-29,female,[]
2,TP63,ENSG00000073282.12,Kidney_Cortex,30-39,male,"[0.155, 0.6297, 0.2771, 0.1962, 0.1004, 0.09211]"
3,TP63,ENSG00000073282.12,Kidney_Cortex,30-39,female,"[0.2557, 0.2438]"
4,TP63,ENSG00000073282.12,Kidney_Cortex,40-49,male,"[0.2316, 0.1109, 0.08552, 0.1203, 0.02876, 0.1192]"
5,TP63,ENSG00000073282.12,Kidney_Cortex,40-49,female,"[0.1403, 0.1315]"
6,TP63,ENSG00000073282.12,Kidney_Cortex,50-59,male,"[0.1571, 0.2483, 0.152, 0.2483, 0.6506, 0.1117, 0.2835, 0.07739, 0.1904, 0.2069, 0.1184, 0.2872, 0.3217, 0.08676, 0.0987, 0.09447, 0.2974, 0.2266, 0.6345, 0.1052, 0.3463, 0.04922, 0.08271, 0.2284]"
7,TP63,ENSG00000073282.12,Kidney_Cortex,50-59,female,"[0.183, 0.1346, 0.09902, 0.043, 0.1943, 0.1784]"
8,TP63,ENSG00000073282.12,Kidney_Cortex,60-69,male,"[0.236, 0.04704, 0.1779, 0.1143, 0.2483, 0.2483, 0.08901, 0.1405, 0.2304, 0.5893, 0.2337, 0.1974, 0.1428, 0.07592, 0.114, 0.09987, 0.1541, 0.07262, 0.1045, 0.3208, 0.00947, 0.2831, 0.1032, 0.04131, 0.06756, 0.1327, 0.2464]"
9,TP63,ENSG00000073282.12,Kidney_Cortex,60-69,female,"[0.1359, 0.6453, 0.169, 0.08223, 0.4516, 0.3269, 0.07254, 0.154, 0.0712]"
10,TP63,ENSG00000073282.12,Kidney_Cortex,70-79,male,"[0.1863, 0.1523, 0.5479, 0.2545]"
11,TP63,ENSG00000073282.12,Kidney_Cortex,70-79,female,[]
