,gene,gencodeId,tissue,age,gender,TPMs
0,TP63,ENSG00000073282.12,Brain_Spinal_cord_cervical_c-1,20-29,male,"[0.1301, 0.1546, 0.09441]"
1,TP63,ENSG00000073282.12,Brain_Spinal_cord_cervical_c-1,20-29,female,[0.3416]
2,TP63,ENSG00000073282.12,Brain_Spinal_cord_cervical_c-1,30-39,male,[0.1088]
3,TP63,ENSG00000073282.12,Brain_Spinal_cord_cervical_c-1,30-39,female,[0.2536]
4,TP63,ENSG00000073282.12,Brain_Spinal_cord_cervical_c-1,40-49,male,"[0.1006, 0.1399, 0.1261, 0.04396, 0.04587, 0.05512, 5.648]"
5,TP63,ENSG00000073282.12,Brain_Spinal_cord_cervical_c-1,40-49,female,"[0.1142, 0.06248, 0.05502, 0.02807, 0.136, 0.05775, 0.119, 0.1053, 0.1915]"
6,TP63,ENSG00000073282.12,Brain_Spinal_cord_cervical_c-1,50-59,male,"[0.2239, 0.1011, 0.1506, 0.03733, 0.4417, 0.0704, 0.06359, 0.1918, 0.2004, 0.09639, 0.1408, 0.2702, 0.09898, 0.1517, 0.3799, 0.5531, 0.09949, 0.2088, 0.5551, 0.1595, 0.1604, 0.1815, 0.06312, 0.05504, 0.0239, 0.1863, 0.1317, 0.2086, 0.07426, 0.05996, 0.1921]"
7,TP63,ENSG00000073282.12,Brain_Spinal_cord_cervical_c-1,50-59,female,"[0.1881, 0.07401, 0.1032, 0.1468, 0.1164, 0.07231, 0.1145, 0.03832, 0.04453, 0.01347, 0.1939, 0.0903, 0.09543, 0.06373, 0.4875, 0.1224]"
8,TP63,ENSG00000073282.12,Brain_Spinal_cord_cervical_c-1,60-69,male,"[0.05385, 0.03988, 0.07856, 0.7242, 0.03444, 0.1683, 0.03599, 0.2607, 0.1216, 0.05304, 0.09005, 0.1785, 0.1774, 1.156, 0.1437, 0.2029, 7.726, 0.01183, 0.07066, 0.08452, 0.1072, 0.04139, 0.2761, 0.1388, 0.1913, 0.01251, 0.04538, 0.05297, 0.04727, 0.1382, 0.03283, 0.03522, 0.07719, 0.03753, 0.4547, 0.0401, 0.08246, 0.1282, 0.9927, 0.1432, 0.1091, 0.1781, 0.1051, 0.1691, 0.0085, 0.1202, 0.07291, 0.0282, 0.155, 0.869, 0.05058]"
9,TP63,ENSG00000073282.12,Brain_Spinal_cord_cervical_c-1,60-69,female,"[0.02657, 0.0763, 0.06986, 0.2068, 0.413, 0.1636, 0.1532, 0.03513, 0.0525, 0.1828, 0.02636, 0.03754, 0.0713, 0.2548, 0.04914, 0.03155, 0.03735, 0.1382, 0.08748, 0.1016, 0.2202, 0.415, 0.116, 0.1614, 0.2878, 0.2609, 0.1426, 0.1431]"
10,TP63,ENSG00000073282.12,Brain_Spinal_cord_cervical_c-1,70-79,male,"[0.01283, 0.05475, 0.06085, 0.06299, 0.1619, 0.1493, 0.03981, 0.1382, 0.05899, 0.02917]"
11,TP63,ENSG00000073282.12,Brain_Spinal_cord_cervical_c-1,70-79,female,"[0.4146, 0.169, 0.1382]"
