,gene,gencodeId,tissue,age,gender,TPMs
0,TP63,ENSG00000073282.12,Brain_Substantia_nigra,20-29,male,"[0.06296, 0.04561, 0.06104]"
1,TP63,ENSG00000073282.12,Brain_Substantia_nigra,20-29,female,"[0.06475, 0.08716]"
2,TP63,ENSG00000073282.12,Brain_Substantia_nigra,30-39,male,"[0.07953, 0.1199]"
3,TP63,ENSG00000073282.12,Brain_Substantia_nigra,30-39,female,"[0.01528, 0.05973]"
4,TP63,ENSG00000073282.12,Brain_Substantia_nigra,40-49,male,"[0.1659, 0.1748, 0.02704, 0.02704, 0.1505, 0.02704, 0.02704, 0.03912, 0.06716, 0.1168, 0.1159]"
5,TP63,ENSG00000073282.12,Brain_Substantia_nigra,40-49,female,"[0.1215, 0.08226, 0.01451, 0.0554, 0.5508]"
6,TP63,ENSG00000073282.12,Brain_Substantia_nigra,50-59,male,"[0.05996, 0.1006, 0.09861, 0.1187, 0.1814, 0.07389, 0.1513, 0.1776, 0.1711, 0.07237, 0.01042, 0.07023, 0.05003, 0.01762, 0.1006, 0.05424, 0.1564, 0.05802, 0.03433, 0.2237, 0.1179, 0.09939, 0.0284, 0.08809, 0.03984]"
7,TP63,ENSG00000073282.12,Brain_Substantia_nigra,50-59,female,"[0.09617, 0.1999, 0.05966, 0.04214, 0.1014, 0.07994, 0.05005, 0.06431, 0.08069, 0.03316, 0.06543]"
8,TP63,ENSG00000073282.12,Brain_Substantia_nigra,60-69,male,"[0.04445, 0.0777, 0.1006, 0.08841, 0.1701, 0.1468, 0.1185, 0.137, 0.07587, 0.1105, 0.05469, 0.06766, 0.06024, 0.1001, 0.02484, 0.04158, 0.06996, 0.09731, 0.1524, 0.1013, 0.1015, 0.08563, 0.1827, 0.05819, 0.07606, 0.0751, 0.07537, 0.1431, 0.1376, 0.07752, 0.1067, 0.04988, 0.08564, 0.1865, 0.08135, 0.07321, 0.08093, 0.1752, 0.0404, 0.07671, 0.1423, 1.394, 0.03178, 0.1787, 0.04204, 0.1522, 0.08988, 0.1006, 0.01994, 0.07302, 0.06632, 0.07432, 0.1048, 0.4917, 0.1616, 0.09343, 0.05831, 0.1567, 0.02724, 0.01888]"
9,TP63,ENSG00000073282.12,Brain_Substantia_nigra,60-69,female,"[0.1422, 0.07569, 0.1783, 0.1741, 0.03915, 0.1121, 0.1226, 0.1047, 0.01655, 0.1815, 0.1095, 0.02963, 0.1605, 0.1004, 0.2131, 0.1023, 0.2467]"
10,TP63,ENSG00000073282.12,Brain_Substantia_nigra,70-79,male,"[0.1494, 0.02885, 0.1399, 0.1253]"
11,TP63,ENSG00000073282.12,Brain_Substantia_nigra,70-79,female,[0.0917]
