,gene,gencodeId,tissue,age,gender,TPMs
0,DLL3,ENSG00000090932.10,Kidney_Cortex,20-29,male,[0.04361]
1,DLL3,ENSG00000090932.10,Kidney_Cortex,20-29,female,[]
2,DLL3,ENSG00000090932.10,Kidney_Cortex,30-39,male,"[0.08237, 0.07476, 0.00955, 0.1512, 0.00683, 0.0541]"
3,DLL3,ENSG00000090932.10,Kidney_Cortex,30-39,female,"[0.08187, 0.07888]"
4,DLL3,ENSG00000090932.10,Kidney_Cortex,40-49,male,"[0.02154, 0.0, 0.03439, 0.0, 0.0, 0.01326, 0.0, 0.0, 0.0, 0.0, 0.0, 0.03872, 0.02189, 0.0, 0.1774]"
5,DLL3,ENSG00000090932.10,Kidney_Cortex,40-49,female,"[0.0, 0.0, 0.0, 0.04517, 0.0]"
6,DLL3,ENSG00000090932.10,Kidney_Cortex,50-59,male,"[0.0313, 0.01136, 0.03928, 0.0, 0.0, 0.0, 0.04189, 0.0, 0.0, 0.0, 0.03117, 0.03268, 0.08143, 0.01799, 0.0, 0.0, 0.0, 0.03268, 0.03397, 0.0, 0.0, 0.0, 0.05625, 0.02323, 0.04127, 0.05379, 0.03592, 0.0, 0.0, 0.0, 0.0, 0.0, 0.0, 0.07032, 0.01374, 0.1265, 0.0, 0.0, 0.0, 0.0, 0.0, 0.0, 0.05645, 0.0, 0.0, 0.0, 0.3596, 0.01144, 0.04396, 0.04189, 0.03444]"
7,DLL3,ENSG00000090932.10,Kidney_Cortex,50-59,female,"[0.0, 0.0, 0.0, 0.0, 0.0, 0.0, 0.1643, 0.04317, 0.0, 0.0, 0.0, 0.04927, 0.1327, 0.0, 0.0, 0.0]"
8,DLL3,ENSG00000090932.10,Kidney_Cortex,60-69,male,"[0.00748, 0.04375, 0.04654, 0.02586, 0.0, 0.0, 0.0, 0.0, 0.0, 0.0, 0.0, 0.0, 0.04189, 0.0138, 0.0, 0.0, 0.0, 0.0, 0.0, 0.0, 0.0, 0.0, 0.03268, 0.0, 0.0, 0.0, 0.0, 0.0, 0.0, 0.0, 0.0, 0.03268, 0.05669, 0.02899, 0.03013, 0.04539, 0.0, 0.0, 0.0, 0.0, 0.0, 0.0, 0.0, 0.0, 0.01115, 0.03225, 0.0, 0.0, 0.0, 0.0, 0.0, 0.0, 0.0, 0.0, 0.0, 0.0, 0.0, 0.0, 0.0, 0.0, 0.0, 0.0, 0.06997, 0.09946, 0.0, 0.0, 0.0, 0.0, 0.0, 0.0, 0.0, 0.0, 0.04693, 0.0, 0.0, 0.0, 0.0, 0.0, 0.0, 0.0, 0.0, 0.07545, 0.0, 0.0, 0.0, 0.0, 0.0, 0.0, 0.0, 0.0, 0.04189, 0.02415, 0.02218]"
9,DLL3,ENSG00000090932.10,Kidney_Cortex,60-69,female,"[0.0, 0.0, 0.0, 0.0, 0.0, 0.0, 0.0, 0.0, 0.0, 0.0, 0.0, 0.0, 0.0, 0.0, 0.0, 0.0, 0.1339, 0.01003, 0.05736, 0.1176, 0.0, 0.0, 0.0, 0.0, 0.0, 0.0, 0.0, 0.0, 0.03317, 0.0253, 0.00914, 0.0, 0.0, 0.0, 0.0, 0.0, 0.0, 0.0, 0.0, 0.03973]"
10,DLL3,ENSG00000090932.10,Kidney_Cortex,70-79,male,"[0.0, 0.0, 0.02363, 0.0, 0.06539, 0.0, 0.1073, 0.0, 0.0, 0.0, 0.0, 0.0]"
11,DLL3,ENSG00000090932.10,Kidney_Cortex,70-79,female,"[0.0, 0.0, 0.0, 0.0]"
