,gene,gencodeId,tissue,age,gender,TPMs
0,TOP2A,ENSG00000131747.14,Kidney_Cortex,20-29,male,[0.08959]
1,TOP2A,ENSG00000131747.14,Kidney_Cortex,20-29,female,[]
2,TOP2A,ENSG00000131747.14,Kidney_Cortex,30-39,male,"[3.342, 0.1613, 0.1451, 23.69, 0.08141, 0.1445]"
3,TOP2A,ENSG00000131747.14,Kidney_Cortex,30-39,female,"[2.35, 0.2107]"
4,TOP2A,ENSG00000131747.14,Kidney_Cortex,40-49,male,"[0.1991, 0.08478, 0.1198, 0.1379, 0.3028, 1.244]"
5,TOP2A,ENSG00000131747.14,Kidney_Cortex,40-49,female,"[0.3279, 0.6933]"
6,TOP2A,ENSG00000131747.14,Kidney_Cortex,50-59,male,"[0.3151, 0.2146, 0.03873, 0.9868, 0.1377, 0.5688, 0.1294, 0.047, 0.3908, 0.6558, 0.3627, 0.2882, 0.06262, 0.1082, 0.1895, 0.1329, 0.09882, 1.545, 0.4314, 0.711, 0.1128, 3.626, 1.819]"
7,TOP2A,ENSG00000131747.14,Kidney_Cortex,50-59,female,"[0.2557, 0.4148, 0.07095, 0.4252, 0.135, 0.4294]"
8,TOP2A,ENSG00000131747.14,Kidney_Cortex,60-69,male,"[0.4428, 0.1438, 0.2486, 0.2338, 0.3503, 0.5839, 0.1044, 0.1253, 4.749, 0.3669, 0.1429, 0.1293, 0.1647, 0.06307, 0.7786, 0.3578, 0.05463, 2.525, 2.256, 0.1086, 0.07392, 0.6904, 0.3125, 0.142, 0.09592, 0.9386]"
9,TOP2A,ENSG00000131747.14,Kidney_Cortex,60-69,female,"[1.153, 1.577, 0.1196, 0.1964, 2.236, 0.8109, 0.3118, 0.4695, 4.576]"
10,TOP2A,ENSG00000131747.14,Kidney_Cortex,70-79,male,"[0.2767, 0.09403, 1.278, 0.3595]"
11,TOP2A,ENSG00000131747.14,Kidney_Cortex,70-79,female,[]
