,gene,gencodeId,tissue,age,gender,TPMs
0,NRG1,ENSG00000157168.18,Brain_Hippocampus,20-29,male,"[0.8894, 0.4136, 0.5373, 0.9222]"
1,NRG1,ENSG00000157168.18,Brain_Hippocampus,20-29,female,[0.2042]
2,NRG1,ENSG00000157168.18,Brain_Hippocampus,30-39,male,"[1.2, 0.2509, 0.5511]"
3,NRG1,ENSG00000157168.18,Brain_Hippocampus,30-39,female,"[0.3711, 0.8224]"
4,NRG1,ENSG00000157168.18,Brain_Hippocampus,40-49,male,"[0.5173, 0.4549, 0.4528, 0.3475, 0.0, 0.8797, 0.06344, 0.1741, 0.5179, 0.8605, 0.3852, 0.6014, 0.3084]"
5,NRG1,ENSG00000157168.18,Brain_Hippocampus,40-49,female,"[0.2544, 0.5788, 0.01926, 0.35, 0.02771, 0.1322, 0.4272, 0.4901]"
6,NRG1,ENSG00000157168.18,Brain_Hippocampus,50-59,male,"[0.4814, 0.3641, 1.201, 0.1201, 0.6547, 0.4375, 0.5177, 0.07501, 0.5229, 0.2073, 0.1556, 0.05902, 0.7079, 0.9007, 0.2685, 0.1703, 0.0844, 0.4585, 0.03985, 0.07334, 0.03466, 0.1304, 0.06617, 0.4031, 0.9568, 0.01203, 0.273, 0.259, 0.4412, 0.1391, 0.4623, 0.3572, 0.3723, 1.338, 0.9696, 0.1874, 3.272]"
7,NRG1,ENSG00000157168.18,Brain_Hippocampus,50-59,female,"[0.06275, 1.069, 0.9232, 0.1349, 0.4225, 0.03285, 0.04693, 0.3163, 0.3526, 0.1149, 0.4308, 0.1601, 0.9214, 0.6115, 0.07608]"
8,NRG1,ENSG00000157168.18,Brain_Hippocampus,60-69,male,"[0.1215, 0.5144, 0.1489, 0.1243, 0.02333, 0.07705, 0.08009, 0.2076, 0.1659, 0.2377, 0.05156, 1.008, 0.1606, 0.516, 0.6171, 0.0768, 0.2222, 0.1551, 0.04, 0.1882, 0.04366, 0.07413, 0.3102, 0.4098, 0.01872, 0.4247, 0.8634, 0.5881, 0.0939, 0.2348, 0.1107, 0.9235, 0.3429, 0.01014, 0.2011, 0.09999, 1.107, 0.2433, 0.5272, 0.5926, 0.2012, 0.4579, 0.05688, 0.08371, 0.2356, 2.046, 0.3249, 0.986, 0.05284, 0.03588, 1.513, 0.1921, 0.1979, 0.2232, 0.00872, 0.5998, 0.7616, 0.07075, 0.062, 0.5343, 0.5343, 0.08098, 0.5359, 0.0915, 1.076, 1.014, 0.2444, 0.5832, 0.02306, 0.3742, 0.1873, 0.0307, 0.2543, 0.02221, 0.07267, 0.3059, 0.5343, 0.5343, 0.1969]"
9,NRG1,ENSG00000157168.18,Brain_Hippocampus,60-69,female,"[0.1455, 0.00608, 0.2541, 0.07769, 0.02417, 1.669, 0.1251, 0.08812, 0.09899, 0.3155, 0.1085, 0.02034, 0.1622, 0.0893, 0.3453, 0.1985, 0.1027, 0.2064, 0.8649, 0.2801, 0.4781, 0.4103, 0.07841]"
10,NRG1,ENSG00000157168.18,Brain_Hippocampus,70-79,male,"[1.525, 0.8637, 0.03763, 0.2845, 0.2066, 0.1332, 0.2143, 0.5599, 0.7644]"
11,NRG1,ENSG00000157168.18,Brain_Hippocampus,70-79,female,"[0.919, 0.1595, 0.02302, 0.07711, 0.2823]"
