,gene,gencodeId,tissue,age,gender,TPMs
0,NRG1,ENSG00000157168.18,Brain_Amygdala,20-29,male,"[0.6682, 1.359, 3.974]"
1,NRG1,ENSG00000157168.18,Brain_Amygdala,20-29,female,"[0.211, 0.5264]"
2,NRG1,ENSG00000157168.18,Brain_Amygdala,30-39,male,"[1.514, 0.2877]"
3,NRG1,ENSG00000157168.18,Brain_Amygdala,30-39,female,"[0.5786, 0.6753]"
4,NRG1,ENSG00000157168.18,Brain_Amygdala,40-49,male,"[0.3811, 0.6875, 0.8961, 0.5575, 0.2032, 0.3371, 2.172, 0.3831]"
5,NRG1,ENSG00000157168.18,Brain_Amygdala,40-49,female,"[1.014, 0.6125, 0.2261, 0.4401, 1.561]"
6,NRG1,ENSG00000157168.18,Brain_Amygdala,50-59,male,"[0.8786, 0.3957, 0.2745, 0.1102, 0.5146, 1.175, 0.06781, 0.9858, 0.08651, 0.1643, 0.1136, 0.2174, 1.141, 0.1763, 0.1011, 0.5391, 0.4217, 0.4437, 0.293, 0.2869, 0.2608, 0.07298, 0.8093, 0.1754, 0.4998, 0.4729, 1.196, 0.317, 0.1212, 0.4653, 1.943, 0.29, 0.2803, 0.639]"
7,NRG1,ENSG00000157168.18,Brain_Amygdala,50-59,female,"[0.1131, 0.668, 0.4437, 1.274, 0.4217, 0.2477, 0.3745, 0.4718, 0.6695, 0.9035, 0.2755, 0.2337, 0.4275]"
8,NRG1,ENSG00000157168.18,Brain_Amygdala,60-69,male,"[0.1097, 0.08791, 0.04664, 0.06089, 0.3964, 0.1269, 0.1072, 0.05092, 0.9841, 0.1125, 0.4588, 0.04945, 0.4449, 0.4001, 0.3718, 0.3413, 0.9154, 0.1402, 0.5527, 0.4217, 0.3447, 0.4437, 0.7698, 1.17, 0.7787, 0.7116, 0.07707, 0.2308, 0.2918, 0.05843, 0.8935, 0.1265, 0.1924, 0.7359, 0.2589, 0.0551, 0.2549, 0.1992, 0.2431, 0.2756, 0.2801, 0.05279, 0.03646, 0.05626, 0.9587, 0.1842, 0.1776, 0.4185, 0.4841, 0.4606, 0.4029, 1.63, 0.178, 0.02081]"
9,NRG1,ENSG00000157168.18,Brain_Amygdala,60-69,female,"[0.2164, 0.4015, 1.2, 0.4437, 0.4217, 0.7763, 0.749, 0.04293, 0.5824, 0.205, 0.3431, 0.08529, 0.03392, 1.871, 0.01332, 0.4422, 0.6586, 0.1679, 0.4541, 0.2407, 1.432, 0.226, 0.2513]"
10,NRG1,ENSG00000157168.18,Brain_Amygdala,70-79,male,"[0.4619, 0.6157, 0.1485, 0.3276, 0.3772, 0.1074, 0.2061, 0.8319]"
11,NRG1,ENSG00000157168.18,Brain_Amygdala,70-79,female,"[0.3255, 0.01059]"
