,gene,gencodeId,tissue,age,gender,TPMs
0,NRG1,ENSG00000157168.18,Brain_Hypothalamus,20-29,male,"[2.848, 3.005, 5.835]"
1,NRG1,ENSG00000157168.18,Brain_Hypothalamus,20-29,female,[5.694]
2,NRG1,ENSG00000157168.18,Brain_Hypothalamus,30-39,male,"[3.376, 9.297, 6.48]"
3,NRG1,ENSG00000157168.18,Brain_Hypothalamus,30-39,female,"[6.517, 0.9361]"
4,NRG1,ENSG00000157168.18,Brain_Hypothalamus,40-49,male,"[3.25, 2.499, 0.1149, 2.001, 0.1938, 3.577, 7.721, 4.965, 7.556, 1.669, 2.324]"
5,NRG1,ENSG00000157168.18,Brain_Hypothalamus,40-49,female,"[3.116, 3.28, 2.947, 1.852, 5.244]"
6,NRG1,ENSG00000157168.18,Brain_Hypothalamus,50-59,male,"[5.041, 0.2641, 1.042, 0.882, 1.809, 0.3207, 2.298, 4.795, 1.708, 2.558, 2.98, 6.805, 0.8735, 4.779, 4.541, 1.178, 1.453, 1.979, 2.178, 0.6497, 1.748, 4.314, 1.802, 3.5, 5.883, 0.6924, 0.358, 0.2739, 2.434, 1.386, 0.5956, 1.158, 6.205, 0.2848, 1.439, 8.607, 7.3, 3.738, 0.733, 6.474, 3.581, 1.809, 4.051, 6.045, 11.54, 4.207]"
7,NRG1,ENSG00000157168.18,Brain_Hypothalamus,50-59,female,"[2.44, 0.3966, 1.84, 1.225, 1.976, 1.835, 1.37, 5.957, 4.5, 2.301, 0.144, 1.33, 1.252, 4.805, 0.8568]"
8,NRG1,ENSG00000157168.18,Brain_Hypothalamus,60-69,male,"[4.946, 0.6801, 0.1769, 4.606, 2.383, 4.019, 0.7545, 1.809, 0.5396, 4.633, 1.298, 2.451, 9.08, 2.246, 0.8732, 3.38, 1.436, 0.5102, 0.9917, 4.249, 0.8734, 0.2031, 0.3115, 1.079, 3.926, 6.348, 1.94, 1.674, 3.26, 0.593, 2.24, 1.522, 3.371, 7.406, 4.711, 2.265, 4.043, 9.292, 2.322, 3.535, 9.745, 0.5176, 0.8798, 1.445, 3.331, 1.289, 4.384, 4.135, 6.744, 3.547, 0.3366, 3.286, 3.896, 7.305, 0.07241, 5.009, 1.651, 2.248, 1.671, 1.448, 1.034, 1.258, 6.677, 1.996, 7.086, 0.2941, 0.3594, 1.809, 3.389, 0.2098, 0.3666, 0.6338, 0.4552, 1.156, 1.931, 0.4971, 1.663]"
9,NRG1,ENSG00000157168.18,Brain_Hypothalamus,60-69,female,"[0.1789, 1.176, 0.07126, 0.9062, 0.3917, 1.937, 7.493, 0.1412, 7.451, 2.069, 0.2575, 0.9477, 0.6167, 1.531, 4.178, 0.6084, 1.731, 2.15, 0.8529, 1.766, 8.116, 0.09875, 5.54, 1.52, 9.193, 4.005, 4.928, 1.426, 0.9691]"
10,NRG1,ENSG00000157168.18,Brain_Hypothalamus,70-79,male,"[1.281, 4.154, 1.598, 4.496, 2.038, 2.56, 2.881, 1.474, 3.815]"
11,NRG1,ENSG00000157168.18,Brain_Hypothalamus,70-79,female,"[1.1, 0.5482, 0.08113]"
